date,symbol,side,quantity,price,trade_value,commission
2018-02-20,AAPL,buy,824.6162759235802,40.42284188,33333.333333333336,3.3333333333333335
2018-02-21,AAPL,sell,-0.08210374823611398,40.59903969,-3.3333333333357587,0.00033333333333357586
2018-02-22,AAPL,sell,-8.259910069225325e-06,40.35556404,-0.0003333333297632634,3.3333332976326344e-08
2018-02-23,AAPL,sell,-8.172563794913621e-10,40.79312028,-3.333843778818846e-08,3.3338437788188457e-12
2018-03-22,AAPL,sell,-824.6166255771745,39.93170643,-32928.34900984496,3.2928349009844964
2018-03-23,AAPL,buy,0.08245341721604028,39.5619558,3.262018447459945,0.0003262018447459945
2018-03-26,AAPL,buy,8.244517269872422e-06,39.48654826,0.00032554752905722086,3.255475290572208e-08
2018-03-27,AAPL,buy,8.243692900572734e-10,40.80428001999999,3.363779535138558e-08,3.363779535138558e-12
2018-03-28,AAPL,buy,8.242868613710377e-14,39.2949291,3.239029377563645e-12,3.239029377563645e-16
2018-04-13,AAPL,buy,801.6877526275342,41.06560615,32921.79350468095,3.292179350468095
2018-04-16,AAPL,sell,-0.08006859255527829,41.11698789,-3.292179350464721,0.00032921793504647214
2018-04-17,AAPL,sell,-7.942042101929005e-06,41.45255433,-0.0003292179317213595,3.292179317213595e-08
2018-04-18,AAPL,sell,-7.882043654238194e-10,41.77052253,-3.292370820418e-08,3.2923708204180003e-12
2018-04-19,AAPL,sell,-1.7704270382473784e-13,41.09718987,-7.275957614183426e-12,7.275957614183426e-16
2018-04-20,AAPL,buy,9.075931131360822e-14,40.083807979999996,3.637978807091713e-12,3.637978807091713e-16
2018-04-25,AAPL,sell,-801.6878448766363,38.1981798,-30623.01644207226,3.062301644207226
2018-04-26,AAPL,buy,0.0801607684108413,38.559155530000005,3.090931536557941,0.0003090931536557941
2018-04-27,AAPL,buy,8.01527531355727e-06,38.53055267,0.00030883298763356915,3.088329876335691e-08
2018-04-30,AAPL,buy,8.014473866180109e-10,38.0988095,3.053419130703245e-08,3.0534191307032448e-12
2018-05-01,AAPL,buy,8.013672498939054e-14,39.0989095,3.1332585579865693e-12,3.1332585579865694e-16
2018-05-07,AAPL,buy,703.7073072293524,43.507950359999995,30616.86259090393,3.061686259090393
2018-05-08,AAPL,sell,-0.0704612544603945,43.452054360000005,-3.0616862590868545,0.00030616862590868545
2018-05-09,AAPL,sell,-6.986798651211012e-06,43.82101746,-0.0003061686256842222,3.061686256842222e-08
2018-05-10,AAPL,sell,-6.94244798760502e-10,44.10148941,-3.0617229640483856e-08,3.0617229640483857e-12
2018-05-11,AAPL,sell,-8.142019069408425e-14,44.6815314,-3.637978807091713e-12,3.637978807091713e-16
2018-06-20,AAPL,sell,-703.7072097083698,43.94170539,-30922.094889824133,3.092209488982413
2018-06-21,AAPL,buy,0.07036368460233976,44.16721628,3.1077680760892457,0.0003107768076089246
2018-06-22,AAPL,buy,7.035664893747101e-06,43.8983894,0.00030885435719361985,3.0885435719361985e-08
2018-06-25,AAPL,buy,7.034961397604391e-10,43.25662523,3.043086886836901e-08,3.043086886836901e-12
2018-06-26,AAPL,buy,7.034257971802111e-14,43.16141571,3.0360853253233238e-12,3.036085325323324e-16
2018-07-11,AAPL,buy,695.3823021402909,44.45884544,30915.894292566572,3.0915894292566573
2018-07-12,AAPL,sell,-0.06917664605583093,44.691230430000005,-3.091589429255691,0.0003091589429255691
2018-07-13,AAPL,sell,-6.860442690268893e-06,45.06399315,-0.000309158942400245,3.09158942400245e-08
2018-07-16,AAPL,sell,-6.845009866423877e-10,45.165083040000006,-3.0915543902665377e-08,3.0915543902665377e-12
2018-07-17,AAPL,sell,-8.130610814070238e-14,44.74422513,-3.637978807091713e-12,3.637978807091713e-16
2018-09-20,AAPL,sell,-695.3826568987977,52.115387940000005,-36240.13693102876,3.624013693102876
2018-09-21,AAPL,buy,0.06953131255860147,52.25532501,3.6333813361216145,0.0003633381336121614
2018-09-24,AAPL,buy,6.952436012256167e-06,51.31923141,0.00035679367257619184,3.567936725761919e-08
2018-09-25,AAPL,buy,6.951740838169297e-10,52.0082003,3.615475299451987e-08,3.6154752994519868e-12
2018-09-26,AAPL,buy,6.951045733600233e-14,52.30843032,3.6359829140716105e-12,3.6359829140716105e-16
2018-10-01,AAPL,buy,671.5513635239259,53.95399486,36232.87881579589,3.6232878815795893
2018-10-02,AAPL,sell,-0.06738177293281584,53.772522210000005,-3.6232878815790173,0.0003623287881579017
2018-10-03,AAPL,sell,-6.655823973445166e-06,54.437855670000005,-0.0003623287848313339,3.623287848313339e-08
2018-10-04,AAPL,sell,-6.635032354603824e-10,54.6105384,-3.623426891863346e-08,3.623426891863346e-12
2018-10-05,AAPL,sell,-1.3487681847304195e-13,53.94520494,-7.275957614183426e-12,7.275957614183426e-16
2018-10-12,AAPL,sell,-671.5511302075264,52.15868361,-35027.22292843228,3.5027222928432282
2018-10-15,AAPL,buy,0.06714839818099913,52.34773425,3.515066503292126,0.00035150665032921265
2018-10-16,AAPL,buy,6.714168401254827e-06,51.819681450000004,0.00034792606775468096,3.47926067754681e-08
2018-10-17,AAPL,buy,6.713497051552158e-10,52.61166064,3.532082285839027e-08,3.5320822858390267e-12
2018-10-18,AAPL,buy,6.712825768962367e-14,51.56075556,3.4611836859033763e-12,3.4611836859033765e-16
2019-01-18,AAPL,buy,936.1928698766241,37.40704033,35020.20444013332,3.502020444013332
2019-01-22,AAPL,sell,-0.0942932171283007,37.13968566,-3.5020204440152156,0.00035020204440152155
2019-01-23,AAPL,sell,-9.567802494951083e-06,36.60213942,-0.0003502020408632234,3.5020204086322336e-08
2019-01-24,AAPL,sell,-9.572100413153963e-10,36.59224041,-3.502645995467901e-08,3.502645995467901e-12
2019-05-13,AAPL,sell,-936.1921863093669,44.939505600000004,-42072.01399932604,4.207201399932604
2019-05-14,AAPL,buy,0.09360985764515542,44.6334629,4.178132108279326,0.0004178132108279326
2019-05-15,AAPL,buy,9.360049759535656e-06,44.59805936,0.0004174400547883249,4.174400547883249e-08
2019-05-16,AAPL,buy,9.359113848145916e-10,45.46974652,4.255565343270166e-08,4.255565343270166e-12
2019-05-17,AAPL,buy,9.358178030333428e-14,44.75917547,4.1886433253919294e-12,4.1886433253919295e-16
2019-06-11,AAPL,buy,901.5914591639784,46.654865019999995,42063.62783048025,4.206362783048025
2019-06-12,AAPL,sell,-0.09059061274872614,46.43265627,-4.206362783050281,0.0004206362783050281
2019-06-13,AAPL,sell,-9.02508891455062e-06,46.607438789999996,-0.00042063627915922547,4.206362791592255e-08
2019-06-14,AAPL,sell,-9.172292373166004e-10,45.858013740000004,-4.2062310967594385e-08,4.206231096759438e-12
2019-06-17,AAPL,sell,-1.5755721158468438e-13,46.179781559999995,-7.275957614183425e-12,7.275957614183425e-16
2019-08-07,AAPL,sell,-901.591018627086,46.781021429999996,-42177.34876348924,4.217734876348923
2019-08-08,AAPL,buy,0.09015008685401053,47.93569309,4.321406895470693,0.00043214068954706926
2019-08-09,AAPL,buy,9.01410727467326e-06,48.38423794,0.00043614071119447593,4.3614071119447596e-08
2019-08-12,AAPL,buy,9.01320595407183e-10,47.975797099999994,4.3241574007306196e-08,4.3241574007306195e-12
2019-08-13,AAPL,buy,9.012304723593894e-14,48.317531269999996,4.3545231529701666e-12,4.3545231529701667e-16
2019-08-20,AAPL,buy,832.0065095863653,50.68326782,42168.80875334915,4.2168808753349145
2019-08-21,AAPL,sell,-0.0823875356152461,51.183481140000005,-4.216880875334027,0.0004216880875334027
2019-08-22,AAPL,sell,-8.231051249435627e-06,51.23137635,-0.0004216880843159743,4.216880843159743e-08
2019-08-23,AAPL,sell,-8.378844502352593e-10,50.330866410000006,-4.2171450331807137e-08,4.217145033180714e-12
2019-08-26,AAPL,sell,-1.4708278150908765e-13,49.46845266,-7.275957614183425e-12,7.275957614183425e-16
2019-12-06,AAPL,sell,-832.007314550316,64.47085227,-53640.220663932836,5.364022066393283
2019-12-09,AAPL,buy,823.984010172714,65.09210856,53634.85664186644,5.363485664186644
2019-12-10,AAPL,sell,-0.0828457501014579,64.74062529,-5.363485664187465,0.0005363485664187465
2019-12-11,AAPL,sell,-8.278067364402531e-06,64.79152020000001,-0.0005363485688576475,5.363485688576475e-08
2019-12-12,AAPL,sell,-8.309183963462562e-10,64.54434492,-5.363108357414603e-08,5.363108357414603e-12
2019-12-13,AAPL,sell,-1.1120172873232945e-13,65.43025632000001,-7.275957614183426e-12,7.275957614183426e-16
2020-02-25,AAPL,sell,-823.9003454468036,72.71042822999999,-59906.14693628201,5.990614693628201
2020-02-26,AAPL,buy,0.08238179636505079,69.2409234,5.70419165166688,0.000570419165166688
2020-02-27,AAPL,buy,8.237355900917655e-06,67.93019234,0.0005595651707223703,5.595651707223703e-08
2020-02-28,AAPL,buy,8.236532247700926e-10,62.16971635,5.1206287354719456e-08,5.120628735471945e-12
2020-03-02,AAPL,buy,8.235708676836e-14,68.21072039,5.617636217691573e-12,5.617636217691573e-16
2020-04-09,AAPL,buy,922.4437632733478,64.93019237,59894.45099984521,5.989445099984521
2020-04-13,AAPL,sell,-0.09239147327678676,64.82681667,-5.98944509998546,0.000598944509998546
2020-04-14,AAPL,sell,-8.853860832000237e-06,67.64783454,-0.0005989445126033388,5.989445126033388e-08
2020-04-15,AAPL,sell,-8.77787074394651e-10,68.22657666,-5.988840712234378e-08,5.988840712234378e-12
2020-04-16,AAPL,sell,-1.047967095364046e-13,69.42925638,-7.275957614183426e-12,7.275957614183426e-16
2020-07-29,AAPL,sell,-922.4436073060631,90.84751434,-83801.7088425789,8.38017088425789
2020-07-30,AAPL,buy,0.09223513721693875,91.28752784000001,8.419917656517518,0.0008419917656517518
2020-07-31,AAPL,buy,9.222591462546579e-06,99.72347135,0.0009197088354880183,9.197088354880183e-08
2020-08-03,AAPL,buy,799.0588811883525,104.85448439999999,83784.90699224555,8.378490699224555
2020-08-04,AAPL,sell,-0.07922516339925419,105.75542340000001,-8.378490699222311,0.0008378490699222311
2020-08-05,AAPL,sell,-7.904877908234074e-06,105.9913998,-0.0008378490747418255,8.378490747418254e-08
2020-08-06,AAPL,sell,-7.830037881661494e-10,106.9922997,-8.377537596970797e-08,8.377537596970796e-12
2020-08-07,AAPL,sell,-1.3240327306443401e-13,109.9060083,-1.455191522836685e-11,1.455191522836685e-15
2020-09-10,AAPL,sell,-799.0595540737776,116.8523136,-93371.95759770522,9.337195759770522
2020-09-11,AAPL,buy,0.07989796561085087,111.2441233,8.888179137832655,0.0008888179137832655
2020-09-14,AAPL,buy,7.988997661328642e-06,111.3901379,0.000889895551178175,8.89895551178175e-08
2020-09-15,AAPL,buy,7.988198841448232e-10,114.89348820000001,9.177920293291862e-08,9.177920293291862e-12
2020-09-16,AAPL,buy,7.987400101444345e-14,111.8791868,8.936238279958307e-12,8.936238279958306e-16
2020-10-02,AAPL,buy,851.5969747955306,109.62196110000001,93353.73044391334,9.335373044391334
2020-10-05,AAPL,sell,-0.08441735919654089,110.58594029999999,-9.335373044392327,0.0009335373044392327
2020-10-06,AAPL,sell,-8.31223883921209e-06,112.308768,-0.0009335373033536598,9.335373033536598e-08
2020-10-07,AAPL,sell,-8.389560857396236e-10,111.26987190000001,-9.335053618997335e-08,9.335053618997335e-12
2020-10-08,AAPL,sell,-1.289495092673589e-13,112.84971390000001,-1.4551915228366852e-11,1.4551915228366853e-15
2020-10-26,AAPL,sell,-851.5977088941456,110.6719317,-94247.96347460937,9.424796347460937
2020-10-27,AAPL,buy,0.08515125576392782,112.1272116,9.547772873047654,0.0009547772873047653
2020-10-28,AAPL,buy,8.51427414898221e-06,111.7021691,0.0009510628907533695,9.510628907533696e-08
2020-10-29,AAPL,buy,8.513422806702163e-10,109.11391029999999,9.289328524764739e-08,9.289328524764739e-12
2020-10-30,AAPL,buy,8.51257154954242e-14,107.8267816,9.178831933268841e-12,9.17883193326884e-16
2020-11-10,AAPL,buy,838.4836302063414,112.3802369,94228.98899936065,9.422898899936065
2020-11-11,AAPL,sell,-0.08268268130191314,113.9646024,-9.422898899938446,0.0009422898899938446
2020-11-12,AAPL,sell,-8.099980453434632e-06,116.33236559999999,-0.0009422898874618113,9.422898874618113e-08
2020-11-13,AAPL,sell,-8.113255092470357e-10,116.1533835,-9.423820301890373e-08,9.423820301890373e-12
2020-11-30,AAPL,sell,-838.4847879030381,113.7536235,-95380.68287359955,9.538068287359955
2020-12-01,AAPL,buy,0.08384009478080905,117.6997688,9.86795977187131,0.000986795977187131
2020-12-02,AAPL,buy,803.5033343277651,118.681867,95361.27585874434,9.536127585874434
2020-12-03,AAPL,sell,-0.07938901111289723,120.1189869,-9.536127585874056,0.0009536127585874055
2020-12-04,AAPL,sell,-7.999229462093485e-06,119.2130775,-0.0009536127618048339,9.53612761804834e-08
2020-12-07,AAPL,sell,-8.01716929218776e-10,118.9431045,-9.535870049148798e-08,9.535870049148798e-12
2020-12-08,AAPL,sell,-1.2032949056127027e-13,120.9339054,-1.4551915228366852e-11,1.4551915228366853e-15
2021-01-13,AAPL,sell,-803.5042793605476,125.21147760000001,-100607.95807665735,10.060795807665736
2021-01-14,AAPL,buy,0.08034239369671259,127.20971970000001,10.220333382185856,0.0010220333382185856
2021-01-15,AAPL,buy,8.033436026078232e-06,125.25552429999999,0.0010062322413769375,1.0062322413769375e-07
2021-01-19,AAPL,buy,8.032632762804205e-10,124.27642639999999,9.982668943448654e-08,9.982668943448654e-12
2021-01-20,AAPL,buy,8.031829579847133e-14,125.1385126,1.0050912070787532e-11,1.0050912070787531e-15
2021-01-25,AAPL,buy,722.8155630900108,139.16091469999998,100587.67491900144,10.058767491900143
2021-01-26,AAPL,sell,-0.07202736148554624,139.6520334,-10.058767491893377,0.0010058767491893377
2021-01-27,AAPL,sell,-7.21130716047186e-06,139.48605,-0.0010058767511509359,1.0058767511509359e-07
2021-01-28,AAPL,sell,-7.413762665325793e-10,135.6704316,-1.0058283805847168e-07,1.0058283805847169e-11
2021-01-29,AAPL,sell,-1.1016851171015659e-13,132.0877899,-1.4551915228366852e-11,1.4551915228366853e-15
2021-02-17,AAPL,sell,-722.8158100974863,127.8212166,-92391.19622437526,9.239119622437526
2021-02-18,AAPL,buy,0.0722743535743898,125.85358409999999,9.095986435847601,0.0009095986435847601
2021-02-19,AAPL,buy,7.226712686174462e-06,126.8756863,0.0009168941317513014,9.168941317513013e-08
2021-02-22,AAPL,buy,7.225990087165927e-10,124.68646740000001,9.009831774361376e-08,9.009831774361377e-12
2021-02-23,AAPL,buy,7.225267560416707e-14,120.5560544,8.710497490681517e-12,8.710497490681517e-16
2021-03-19,AAPL,buy,790.8182964112287,116.8066795,92372.8592916424,9.237285929164239
2021-03-22,AAPL,sell,-0.0788202801063044,117.1942794,-9.2372859291645,0.00092372859291645
2021-03-23,AAPL,sell,-7.690753336586015e-06,120.1089879,-0.0009237285994458944,9.237285994458943e-08
2021-03-24,AAPL,sell,-790.8185502953985,119.6100378,-94589.83669377382,9.458983669377382
2021-03-25,AAPL,buy,0.07907394763470817,116.45364419999999,9.208449363341735,0.0009208449363341735
2021-03-26,AAPL,buy,7.90660410304917e-06,117.2377226,0.0009269522585413004,9.269522585413004e-08
2021-03-29,AAPL,buy,7.90581352168874e-10,118.49284809999999,9.367823607323898e-08,9.367823607323897e-12
2021-03-30,AAPL,buy,7.905023019384338e-14,117.0036992,9.249169355291208e-12,9.249169355291208e-16
2021-04-06,AAPL,buy,767.409320101451,123.2343222,94571.16741266515,9.457116741266514
2021-04-07,AAPL,sell,-0.07716835732776188,122.5517436,-9.457116741265054,0.0009457116741265054
2021-04-08,AAPL,sell,-7.530664276074209e-06,125.5814406,-0.0009457116684643552,9.457116684643551e-08
2021-04-09,AAPL,sell,-7.481005718950141e-10,126.41735700000001,-9.457289706915617e-08,9.457289706915617e-12
2021-04-12,AAPL,sell,-1.1274690552698632e-13,129.067092,-1.4551915228366852e-11,1.4551915228366853e-15
2021-05-05,AAPL,sell,-767.408885101221,125.8284159,-96561.84435987174,9.656184435987175
2021-05-06,AAPL,buy,0.07673321518861152,124.56745550000001,9.558461368379291,0.0009558461368379291
2021-05-07,AAPL,buy,7.67255426344045e-06,127.67176590000001,0.0009795685517770161,9.795685517770161e-08
2021-05-10,AAPL,buy,7.671787084734141e-10,126.2746262,9.687520464107913e-08,9.687520464107914e-12
2021-05-11,AAPL,buy,7.671019982739053e-14,120.50704950000001,9.244119847754242e-12,9.244119847754241e-16
2021-06-10,AAPL,buy,778.9377343560404,123.9413929,96542.62777845783,9.654262777845783
2021-06-11,AAPL,sell,-0.07820721628315909,123.4446543,-9.654262777839904,0.0009654262777839904
2021-06-14,AAPL,sell,-7.742516963025623e-06,124.6915296,-0.0009654262830736116,9.654262830736116e-08
2021-06-15,AAPL,sell,-7.615082370884243e-10,126.77132160000001,-9.65374056249857e-08,9.65374056249857e-12
2021-06-16,AAPL,sell,-1.1442498498607085e-13,127.1742813,-1.4551915228366852e-11,1.4551915228366853e-15
2021-08-03,AAPL,sell,-778.9374131377925,142.255773,-110808.34382453703,11.080834382453704
2021-08-04,AAPL,buy,0.07788595271852915,143.6973683,11.192006433190869,0.001119200643319087
2021-08-05,AAPL,buy,772.4625526675097,143.4193405,110786.06986452076,11.078606986452076
2021-08-06,AAPL,sell,-0.07747835695470802,142.9896996,-11.07860698645527,0.001107860698645527
2021-08-09,AAPL,sell,-7.755808276567141e-06,142.8427143,-0.0011078607058152556,1.1078607058152556e-07
2021-08-10,AAPL,sell,-7.742907368306284e-10,143.07769080000003,-1.1078373063355684e-07,1.1078373063355684e-11
2021-08-11,AAPL,sell,-772.4623049958767,142.6937292,-110225.52696628944,11.022552696628944
2021-08-12,AAPL,buy,0.07723850664888937,142.8612847,11.034392288169828,0.0011034392288169828
2021-08-13,AAPL,buy,757.0502536697339,145.5695555,110203.46891786542,11.020346891786541
2021-08-16,AAPL,sell,-0.07594033773637617,145.1184867,-11.020346891789814,0.0011020346891789812
2021-08-17,AAPL,sell,-7.5082082196073944e-06,146.7773208,-0.0011020346864825115,1.1020346864825115e-07
2021-08-18,AAPL,sell,-7.529834068372279e-10,146.3533632,-1.1020165402442217e-07,1.1020165402442216e-11
2021-08-19,AAPL,sell,-1.0269318829373605e-13,141.70282830000002,-1.4551915228366852e-11,1.4551915228366853e-15
2021-09-16,AAPL,sell,-757.0500030994956,145.0204965,-109787.7673248154,10.97877673248154
2021-09-17,AAPL,buy,0.07569743056693813,145.4215407,11.008036980075419,0.001100803698007542
2021-09-20,AAPL,buy,7.568986158082634e-06,140.52505109999998,0.0010636321666397546,1.0636321666397547e-07
2021-09-21,AAPL,buy,7.56822933514198e-10,140.6530639,1.0644946442855795e-07,1.0644946442855795e-11
2021-09-22,AAPL,buy,7.567472587878645e-14,141.16211479999998,1.0682404341959783e-11,1.0682404341959783e-15
2021-10-19,AAPL,buy,764.1282904198695,143.6483634,109765.77834645414,10.976577834645415
2021-10-20,AAPL,sell,-0.07555647357515895,145.2764709,-10.976577834648197,0.0010976577834648196
2021-10-21,AAPL,sell,-7.550139048815876e-06,145.3824603,-0.0010976577905239537,1.0976577905239538e-07
2021-10-22,AAPL,sell,-7.50554315431346e-10,146.245374,-1.0976509656757116e-07,1.0976509656757116e-11
2021-11-15,AAPL,sell,-764.1291393093356,147.1302855,-112426.53842545184,11.242653842545185
2021-11-16,AAPL,buy,0.07640527340354032,146.73867239999998,11.211608383594536,0.0011211608383594536
2021-11-17,AAPL,buy,7.63976336401874e-06,147.76877539999998,0.0011289184766468334,1.1289184766468334e-07
2021-11-18,AAPL,buy,747.2828993548665,150.41704019999997,112404.08191303349,11.240408191303349
2021-11-19,AAPL,sell,-0.07287015028736855,154.2525732,-11.24040819129732,0.001124040819129732
2021-11-22,AAPL,sell,-7.105854170391907e-06,158.1851799,-0.0011240408202866092,1.1240408202866092e-07
2021-11-23,AAPL,sell,-7.130185992574264e-10,157.6382346,-1.1239899322390556e-07,1.1239899322390556e-11
2021-11-24,AAPL,sell,-9.25198383052981e-14,157.28427000000002,-1.4551915228366852e-11,1.4551915228366853e-15
2022-01-11,AAPL,sell,-747.284750572305,168.6081375,-125998.28997614842,12.599828997614841
2022-01-12,AAPL,buy,0.07472100295691778,172.3592342,12.878854848310283,0.0012878854848310283
2022-01-13,AAPL,buy,7.4713531603807435e-06,172.027201,0.0012852759718628033,1.2852759718628032e-07
2022-01-14,AAPL,buy,7.470606099774108e-10,167.6777661,1.252654542223156e-07,1.2526545422231562e-11
2022-01-18,AAPL,buy,7.469859113862753e-14,167.84578290000002,1.2537843511189941e-11,1.2537843511189941e-15
2022-02-03,AAPL,buy,737.7613741784977,170.7500733,125972.8087188872,12.59728087188872
2022-02-04,AAPL,sell,-0.07489769173029172,168.19317900000001,-12.597280871879775,0.0012597280871879774
2022-02-07,AAPL,sell,-7.438384578731079e-06,169.3550628,-0.0012597280874615535,1.2597280874615535e-07
2022-02-08,AAPL,sell,-7.487729049380146e-10,168.24317399999998,-1.2597593013197184e-07,1.2597593013197184e-11
2022-02-09,AAPL,sell,-8.437274588769947e-14,172.4717511,-1.4551915228366852e-11,1.4551915228366853e-15
2022-02-23,AAPL,sell,-737.7602450721412,162.18178020000002,-119651.26990658815,11.965126990658815
2022-02-24,AAPL,buy,0.07376864764243254,149.51495,11.02951566382592,0.001102951566382592
2022-02-25,AAPL,buy,7.376127151520672e-06,160.54305269999998,0.001184185970008484,1.184185970008484e-07
2022-02-28,AAPL,buy,7.375389612558152e-10,159.7799764,1.1784395782353467e-07,1.1784395782353468e-11
2022-03-01,AAPL,buy,7.374652147342105e-14,161.3781362,1.1901076186613967e-11,1.1901076186613967e-15
2022-03-23,AAPL,buy,726.7532131078759,164.606459,119628.27297655983,11.962827297655984
2022-03-24,AAPL,sell,-0.07138311187762253,167.58623970000002,-11.962827297655167,0.0011962827297655168
2022-03-25,AAPL,sell,-7.022747969504715e-06,170.3439639,-0.0011962827265961096,1.1962827265961094e-07
2022-03-28,AAPL,sell,-7.092408615603924e-10,168.6751308,-1.196312950924039e-07,1.196312950924039e-11
2022-03-29,AAPL,sell,-8.406764616251274e-14,173.0976885,-1.455191522836685e-11,1.455191522836685e-15
2022-04-13,AAPL,sell,-726.7544984223832,163.98759959999998,-119178.72569478859,11.91787256947886
2022-04-14,AAPL,buy,0.07266818302392002,167.18871719999999,12.149300301024004,0.0012149300301024005
2022-04-18,AAPL,buy,7.266091693220633e-06,160.6220606,0.001167094620273641,1.1670946202736411e-07
2022-04-19,AAPL,buy,7.265365156704399e-10,161.7011685,1.1748180354182868e-07,1.1748180354182868e-11
2022-04-20,AAPL,buy,7.264638692830207e-14,165.3615345,1.2012918018344772e-11,1.2012918018344772e-15
2022-06-03,AAPL,buy,826.5708012673192,144.1554141,119154.6561396592,11.91546561396592
2022-06-06,AAPL,sell,-0.0825996900234702,144.255573,-11.915465613958077,0.0011915465613958076
2022-06-07,AAPL,sell,-8.413638754368455e-06,141.6208365,-0.0011915465584024787,1.1915465584024787e-07
2022-06-08,AAPL,sell,-8.173549683429482e-10,145.7764209,-1.191510818898678e-07,1.191510818898678e-11
2022-06-09,AAPL,sell,-1.0084168103592317e-13,144.30456809999998,-1.4551915228366852e-11,1.4551915228366853e-15
2022-06-13,AAPL,sell,-826.5708502478642,130.3619625,-107753.3981836052,10.77533981836052
2022-06-14,AAPL,buy,0.08264882014270654,130.64306299999998,10.797495016779278,0.0010797495016779278
2022-06-15,AAPL,buy,8.26405560870025e-06,131.7811768,0.0010890469732551594,1.0890469732551593e-07
2022-06-16,AAPL,buy,8.263229285776551e-10,129.61396009999999,1.0710298709437933e-07,1.0710298709437933e-11
2022-06-17,AAPL,buy,8.262403045464954e-14,127.6367624,1.0545863743670467e-11,1.0545863743670467e-15
2022-07-05,AAPL,buy,796.8476378465654,135.1975184,107731.82317975756,10.773182317975756
2022-07-06,AAPL,sell,-0.07768031538538392,138.68613,-10.773182317978353,0.0010773182317978353
2022-07-07,AAPL,sell,-7.663112624986637e-06,140.58494009999998,-0.0010773182293633,1.0773182293633e-07
2022-07-08,AAPL,sell,-7.558641075357934e-10,142.5227463,-1.077278284355998e-07,1.077278284355998e-11
2022-07-11,AAPL,sell,-1.0181810309177875e-13,142.9207065,-1.4551915228366852e-11,1.4551915228366853e-15
2022-08-29,AAPL,sell,-796.8496348307946,158.324166,-126160.55386199009,12.61605538619901
2022-08-30,AAPL,buy,0.07967699578356767,159.3209305,12.694213107682579,0.0012694213107682579
2022-08-31,AAPL,buy,7.96690288806239e-06,157.5297514,0.0012550242313844103,1.2550242313844103e-07
2022-09-01,AAPL,buy,7.966106277421263e-10,153.93039149999998,1.2262258580140625e-07,1.2262258580140624e-11
2022-09-02,AAPL,buy,7.965309746451794e-14,156.9846969,1.2504317362613506e-11,1.2504317362613505e-15
2022-10-24,AAPL,buy,872.0846676572162,144.6364622,126135.24106880253,12.613524106880252
2022-10-25,AAPL,sell,-0.08553788810004805,147.4612524,-12.613524106884142,0.0012613524106884141
2022-10-26,AAPL,sell,-8.50454098126788e-06,148.315167,-0.0012613524158950895,1.2613524158950895e-07
2022-10-27,AAPL,sell,-8.670484704388557e-10,145.47745079999999,-1.2613600119948387e-07,1.2613600119948387e-11
2022-11-08,AAPL,sell,-872.0863298966976,138.17918070000002,-120504.17456479561,12.050417456479561
2022-11-09,AAPL,buy,0.08719991299828664,136.3276314,11.887757597342489,0.0011887757597342488
2022-11-10,AAPL,buy,8.719119387899346e-06,139.023901,0.0012121659905904992,1.2121659905904992e-07
2022-11-11,AAPL,buy,8.718247563152609e-10,143.534352,1.251368014552689e-07,1.2513680145526889e-11
2022-11-14,AAPL,buy,8.717375825570044e-14,146.634662,1.2782694577094343e-11,1.2782694577094343e-15
2022-11-16,AAPL,buy,820.7565706468771,146.79167769999998,120480.23398855365,12.048023398855365
2022-11-17,AAPL,sell,-0.08360668564427311,144.1035882,-12.048023398849182,0.0012048023398849182
2022-11-18,AAPL,sell,-8.038124007339092e-06,149.8860099,-0.001204802334541455,1.2048023345414548e-07
2022-11-21,AAPL,sell,-8.153479774392775e-10,147.7772208,-1.2048985809087753e-07,1.2048985809087753e-11
2022-11-22,AAPL,sell,-9.982214897439105e-14,145.7784207,-1.4551915228366852e-11,1.4551915228366853e-15
2022-12-05,AAPL,sell,-820.7550314254357,145.4234562,-119357.03336342648,11.935703336342648
2022-12-06,AAPL,buy,0.08206729641275015,144.7684754,11.880757381873728,0.0011880757381873728
2022-12-07,AAPL,buy,8.205909050369631e-06,139.9599946,0.0011484989863778247,1.1484989863778247e-07
2022-12-08,AAPL,buy,8.205088541519243e-10,140.1280114,1.1497627406840179e-07,1.1497627406840179e-11
2022-12-09,AAPL,buy,8.204268114704254e-14,140.1100096,1.1495000843121869e-11,1.1495000843121869e-15
2023-01-13,AAPL,buy,918.2374404572663,129.95899459999998,119333.21456590368,11.933321456590368
2023-01-17,AAPL,sell,-0.08993605808647907,132.68672999999998,-11.933321456584963,0.0011933321456584964
2023-01-18,AAPL,sell,-8.863031423342664e-06,134.6415345,-0.0011933321511605754,1.1933321511605756e-07
2023-01-19,AAPL,sell,-9.043196526058003e-10,131.9508036,-1.1932570487260818e-07,1.1932570487260818e-11
2023-01-20,AAPL,sell,-1.0930385115154339e-13,133.13268539999999,-1.4551915228366852e-11,1.4551915228366853e-15
2023-02-27,AAPL,sell,-918.2393194671907,145.58544,-133682.27534993153,13.368227534993153
2023-02-28,AAPL,buy,0.09181475047164488,144.9634949,13.309787111741064,0.0013309787111741064
2023-03-01,AAPL,buy,9.180556991452244e-06,144.7474733,0.001328862427999362,1.328862427999362e-07
2023-03-02,AAPL,buy,9.179639027543421e-10,142.334232,1.3065768710226195e-07,1.3065768710226195e-11
2023-03-03,AAPL,buy,9.178721155415994e-14,145.9465932,1.339603082565732e-11,1.339603082565732e-15
2023-03-09,AAPL,buy,882.9020225817709,151.3821367,133655.59467518012,13.365559467518013
2023-03-10,AAPL,sell,-0.0902778268663394,148.0491936,-13.365559467521962,0.001336555946752196
2023-03-13,AAPL,sell,-9.17463733238797e-06,145.6794306,-0.0013365559425437823,1.3365559425437823e-07
2023-03-14,AAPL,sell,-8.965199507368614e-10,149.1030882,-1.336738932877779e-07,1.336738932877779e-11
2023-08-07,AAPL,sell,-882.900025581929,179.7610221,-158711.01101072368,15.871101101072368
2023-08-08,AAPL,buy,0.0882811744407662,177.38773700000002,15.659997753749758,0.0015659997753749758
2023-08-09,AAPL,buy,8.827234720612565e-06,178.5518534,0.0015761191197622047,1.5761191197622047e-07
2023-08-10,AAPL,buy,8.826352085403183e-10,177.1797162,1.5638505575730142e-07,1.5638505575730143e-11
2023-08-11,AAPL,buy,8.82546953844658e-14,175.2825265,1.5469505982477053e-11,1.5469505982477054e-15
2023-08-30,AAPL,buy,867.9676059956295,182.81727990000002,158679.47676943592,15.867947676943592
2023-08-31,AAPL,sell,-0.0854740238085244,185.6464335,-15.867947676946642,0.0015867947676946642
2023-09-01,AAPL,sell,-8.4731965830984e-06,187.2722709,-0.0015867947658989578,1.586794765898958e-07
2023-09-05,AAPL,sell,-8.527270866557584e-10,186.07839030000002,-1.5867408365011215e-07,1.5867408365011216e-11
2023-09-06,AAPL,sell,-1.563063385039244e-13,186.19737840000002,-2.9103830456733704e-11,2.9103830456733705e-15
2023-09-13,AAPL,sell,-867.9689203898105,174.44955330000002,-151416.79044028572,15.141679044028573
2023-09-14,AAPL,buy,0.08678821321761127,172.00219850000002,14.927763477315898,0.0014927763477315897
2023-09-15,AAPL,buy,8.677953526419913e-06,174.4544437,0.0015139075549060394,1.5139075549060394e-07
2023-09-18,AAPL,buy,8.677085817849597e-10,174.4544437,1.513756179290111e-07,1.513756179290111e-11
2023-09-19,AAPL,buy,8.676218196031815e-14,175.4805463,1.5225075088576632e-11,1.5225075088576632e-15
2023-10-10,AAPL,buy,859.8899136125247,176.0536036,151386.71799077766,15.138671799077766
2023-10-11,AAPL,sell,-0.08595784947710491,176.11738649999998,-15.138671799068108,0.0015138671799068107
2023-10-12,AAPL,sell,-8.506486960633636e-06,177.9662016,-0.0015138671733438969,1.513867173343897e-07
2023-10-13,AAPL,sell,-8.443840962015245e-10,179.30006820000003,-1.5139812603592873e-07,1.5139812603592872e-11
2023-10-24,AAPL,sell,-859.8899362493411,171.02889539999998,-147066.0259623012,14.706602596230121
2023-10-25,AAPL,buy,0.08598039558537886,169.9059889,14.60858413794699,0.001460858413794699
2023-10-26,AAPL,buy,8.597179840551497e-06,168.41483979999998,0.00144789266557827,1.44789266557827e-07
2023-10-27,AAPL,buy,8.596320208534245e-10,164.9934977,1.4183369385552585e-07,1.4183369385552586e-11
2023-10-30,AAPL,buy,8.595460662470427e-14,167.0797063,1.4361270429987623e-11,1.4361270429987623e-15
2023-11-07,AAPL,buy,830.1450315405789,177.1217104,147036.7078665293,14.70367078665293
2023-11-08,AAPL,sell,-0.08158735283788474,180.2199762,-14.703670786664588,0.0014703670786664587
2023-11-09,AAPL,sell,-8.131575571536798e-06,180.82191600000002,-0.001470367074944079,1.4703670749440788e-07
2023-11-10,AAPL,sell,-8.075969694257357e-10,182.06179200000003,-1.4703255146741867e-07,1.4703255146741867e-11
2023-11-13,AAPL,sell,-1.5826536276159005e-13,183.8926089,-2.9103830456733704e-11,2.9103830456733705e-15
2023-12-28,AAPL,sell,-830.1464507004277,192.1247856,-159491.70885742066,15.949170885742065
2023-12-29,AAPL,buy,0.08300634443563594,191.9261907,15.931091491463748,0.0015931091491463748
2024-01-02,AAPL,buy,8.299804463109688e-06,185.24252239999998,0.001537476714173216,1.537476714173216e-07
2024-01-03,AAPL,buy,8.298974565652893e-10,182.3442326,1.513270148540895e-07,1.513270148540895e-11
2024-01-04,AAPL,buy,8.298144751183661e-14,180.2960278,1.4961225367478333e-11,1.4961225367478334e-15
2024-01-24,AAPL,buy,824.3785569385653,193.4303411,159459.82546415247,15.945982546415246
2024-01-25,AAPL,sell,-0.08253884212842597,193.1936787,-15.94598254642915,0.001594598254642915
2024-01-26,AAPL,sell,-8.294322780437673e-06,192.2517729,-0.001594598259544,1.594598259544e-07
2024-01-29,AAPL,sell,-8.391874942427201e-10,190.0169964,-1.5945988707244396e-07,1.5945988707244398e-11
2024-02-05,AAPL,sell,-824.3784476460395,186.1953786,-153495.4571691346,15.349545716913461
2024-02-06,AAPL,buy,0.08242960180444635,184.958494,15.246055010770078,0.0015246055010770079
2024-02-07,AAPL,buy,8.242135966843999e-06,188.6978679,0.0015552734838853676,1.5552734838853674e-07
2024-02-08,AAPL,buy,8.241311835669219e-10,187.4577439,1.5448977234909195e-07,1.5448977234909193e-11
2024-02-09,AAPL,buy,8.240487786901982e-14,186.9666948,1.5406967650568303e-11,1.5406967650568303e-15
2024-04-16,AAPL,buy,901.5782136230938,170.2180201,153464.85848821787,15.346485848821787
2024-04-17,AAPL,sell,-0.09131378302531357,168.06319200000002,-15.346485848829616,0.0015346485848829615
2024-04-18,AAPL,sell,-9.217255420357755e-06,166.4973486,-0.0015346485888585448,1.5346485888585447e-07
2024-04-19,AAPL,sell,-9.318129692792532e-10,164.69452890000002,-1.5346449799835682e-07,1.5346449799835682e-11
2024-04-22,AAPL,sell,-901.5770483267141,164.0065977,-147864.58426047285,14.786458426047286
2024-04-23,AAPL,buy,0.09014868996379446,163.8753859,14.773151356196275,0.0014773151356196274
2024-04-24,AAPL,buy,9.013967599616528e-06,165.05450380000002,0.0014877959494239833,1.4877959494239834e-07
2024-04-25,AAPL,buy,9.013066292999503e-10,168.0117995,1.5143014868996406e-07,1.5143014868996406e-11
2024-04-26,AAPL,buy,9.012165076477039e-14,168.36583489999998,1.5173406973576788e-11,1.5173406973576788e-15
2024-04-30,AAPL,buy,860.5908017961247,171.7831766,147835.02168527927,14.783502168527926
2024-05-01,AAPL,sell,-0.0879796528805922,168.033195,-14.783502168516861,0.0014783502168516862
2024-05-02,AAPL,sell,-8.648514081812444e-06,170.93690460000002,-0.0014783502265345305,1.4783502265345304e-07
2024-05-03,AAPL,sell,-7.992578959228108e-10,184.94450369999998,-1.4781835488975048e-07,1.478183548897505e-11
2024-05-06,AAPL,sell,-1.6106968181356095e-13,180.6909291,-2.91038304567337e-11,2.91038304567337e-15
2024-07-25,AAPL,sell,-860.5888723811689,217.228275,-186944.23623155645,18.694423623155647
2024-07-26,AAPL,buy,0.08605028220998853,217.04270209999999,18.67658576732347,0.001867658576732347
2024-07-29,AAPL,buy,8.604167804223307e-06,215.31652949999997,0.0018526195508409976,1.8526195508409976e-07
2024-07-30,AAPL,buy,8.603307473482257e-10,217.52975080000002,1.871475330762373e-07,1.871475330762373e-11
2024-07-31,AAPL,buy,8.602447228758387e-14,219.761974,1.890490784222773e-11,1.8904907842227728e-15
2024-08-16,AAPL,buy,840.1054252229497,222.4802458,186906.86150151538,18.69068615015154
2024-08-19,AAPL,sell,-0.08335736381341703,224.22357540000002,-18.690686150162946,0.0018690686150162946
2024-08-20,AAPL,sell,-8.333878232792572e-06,224.27357039999998,-0.0018690686265472323,1.8690686265472322e-07
2024-08-21,AAPL,sell,-8.306197161508261e-10,225.0184959,-1.8690479919314384e-07,1.8690479919314384e-11
2024-09-09,AAPL,sell,-840.1060701314408,219.35706209999998,-184283.19939640939,18.42831993964094
2024-09-10,AAPL,buy,0.08400220679260408,217.5127491,18.271550929926008,0.0018271550929926008
2024-09-11,AAPL,buy,8.399380741184156e-06,220.0330011,0.0018481409518642923,1.8481409518642923e-07
2024-09-12,AAPL,buy,8.398540887097806e-10,221.0701048,1.856666314077797e-07,1.8566663140777968e-11
2024-09-13,AAPL,buy,8.39770111698471e-14,222.142212,1.8654839018418543e-11,1.8654839018418543e-15
2024-09-24,AAPL,buy,811.0307723982029,227.17571529999998,184246.49584987323,18.42464958498732
2024-09-25,AAPL,sell,-0.0824591753148349,223.4396538,-18.424649584980216,0.0018424649584980217
2024-09-26,AAPL,sell,-8.159922528279275e-06,225.79441830000002,-0.0018424649606458845,1.8424649606458845e-07
2024-09-27,AAPL,sell,-8.11894038830814e-10,226.9463031,-1.8425635062158108e-07,1.8425635062158108e-11
2024-11-04,AAPL,sell,-811.0294080029539,219.5260452,-178042.0784797857,17.80420784797857
2024-11-05,AAPL,buy,0.08109483131716062,220.36903470000001,17.870789696522017,0.0017870789696522017
2024-11-06,AAPL,buy,8.10867226449488e-06,221.1791157,0.001793468960962094,1.793468960962094e-07
2024-11-07,AAPL,buy,8.107861478341683e-10,223.1803158,1.8095150851989514e-07,1.8095150851989513e-11
2024-11-08,AAPL,buy,8.107050773263449e-14,225.9595937,1.8318658988318797e-11,1.83186589883188e-15
2024-11-21,AAPL,buy,781.8966206777844,227.65976369999998,178006.39990133292,17.80063999013329
2024-11-22,AAPL,sell,-0.07848630305772064,226.7993178,-17.800639990135096,0.0017800639990135096
2024-11-25,AAPL,sell,-7.733357145379834e-06,230.17997970000002,-0.0017800639907363804,1.7800639907363803e-07
2024-11-26,AAPL,sell,-7.672310342337633e-10,232.0397937,-1.7802813090384007e-07,1.7802813090384007e-11
2025-01-06,AAPL,sell,-781.8963162722295,242.9587017,-189968.51386551347,18.996851386551345
2025-01-07,AAPL,buy,0.07818181344585225,241.684166,18.895306379028387,0.0018895306379028388
2025-01-08,AAPL,buy,7.817399604624433e-06,240.63006059999998,0.0018811013405951931,1.881101340595193e-07
2025-01-10,AAPL,buy,7.816617942830819e-10,238.7298706,1.8660601900216397e-07,1.8660601900216397e-11
2025-01-13,AAPL,buy,7.815836359193937e-14,232.2852262,1.815503316637548e-11,1.815503316637548e-15
2025-02-03,AAPL,buy,830.2510569820046,228.762874,189930.61793674115,18.993061793674116
2025-02-04,AAPL,sell,-0.0840425513671865,225.9933984,-18.993061793677043,0.0018993061793677044
2025-02-05,AAPL,sell,-8.357221310528055e-06,227.2652712,-0.0018993061676155778,1.8993061676155779e-07
2025-02-06,AAPL,sell,-8.257716131075615e-10,230.0049972,-1.8993159756064415e-07,1.8993159756064414e-11
2025-02-07,AAPL,sell,-1.258191094020299e-13,231.31486619999998,-2.9103830456733704e-11,2.9103830456733705e-15
2025-02-10,AAPL,sell,-830.2500310756978,228.5501427,-189753.76307903018,18.97537630790302
2025-02-11,AAPL,buy,0.08301670143750652,227.232721,18.864110956089217,0.0018864110956089218
2025-02-12,AAPL,buy,8.3008400597423e-06,230.2200197,0.0019110195620804216,1.9110195620804216e-07
2025-02-13,AAPL,buy,804.2027373819728,235.9055882,189715.91979414443,18.97159197941444
2025-02-14,AAPL,sell,-0.07898939367261677,240.1789797,-18.971591979410732,0.0018971591979410733
2025-02-18,AAPL,sell,-7.812778737835468e-06,242.8277148,-0.001897159207146615,1.897159207146615e-07
2025-02-19,AAPL,sell,-7.788116482040541e-10,243.57464009999998,-1.8969876691699028e-07,1.896987669169903e-11
2025-02-20,AAPL,sell,-1.1935008685053033e-13,243.8526123,-2.91038304567337e-11,2.91038304567337e-15
2025-03-05,AAPL,sell,-804.2041605899716,234.3755601,-188485.80057302493,18.84858005730249
2025-03-06,AAPL,buy,0.08041237482155945,233.4423419,18.771653096085434,0.0018771653096085433
2025-03-07,AAPL,buy,8.040433438801478e-06,234.1084085,0.0018823330760079963,1.8823330760079961e-07
2025-03-10,AAPL,buy,8.039629475849568e-10,234.5414518,1.8856263691998307e-07,1.885626369199831e-11
2025-03-11,AAPL,buy,8.038825593299031e-14,222.8562834,1.791502794623422e-11,1.791502794623422e-15
2025-04-02,AAPL,buy,855.121003687846,220.3760354,188448.1765799963,18.84481765799963
2025-04-03,AAPL,sell,-0.0920932641816486,204.6275352,-18.8448176580132,0.0018844817658013198
2025-04-04,AAPL,sell,-855.1144218658509,193.02869520000002,-165061.62109946756,16.506162109946757
2025-04-07,AAPL,buy,0.08550289189735398,176.4486431,15.086869256414094,0.0015086869256414094
2025-04-08,AAPL,buy,8.549434246313028e-06,185.90858899999998,0.0015894132574803333,1.5894132574803333e-07
2025-04-09,AAPL,buy,8.548579388364334e-10,171.22112040000002,1.4636973407040881e-07,1.4636973407040882e-11
2025-04-10,AAPL,buy,8.547724615907642e-14,188.2628244,1.609218778384178e-11,1.609218778384178e-15
2025-04-28,AAPL,buy,789.2060841991917,209.1089088,165030.02308521388,16.50300230852139
2025-04-29,AAPL,sell,-0.07943024993642646,207.76722120000002,-16.503002308512805,0.0016503002308512805
2025-04-30,AAPL,sell,-7.920003036112544e-06,208.37116079999998,-0.001650300226174295,1.650300226174295e-07
2025-05-01,AAPL,sell,-7.929228184051273e-10,208.1511828,-1.6504782252013683e-07,1.6504782252013685e-11
2025-05-09,AAPL,sell,-789.2055665851177,198.11718630000001,-156355.18626414082,15.635518626414083
2025-05-12,AAPL,buy,0.07891266539189226,210.351033,16.599360681967887,0.0016599360681967888
2025-05-13,AAPL,buy,7.890477491440334e-06,209.8119791,0.0016555166985231,1.6555166985231e-07
2025-05-14,AAPL,buy,7.889688522593329e-10,211.8071786,1.6710926660032952e-07,1.671092666003295e-11
2025-05-15,AAPL,buy,743.2234194156877,210.331031,156322.948069047,15.632294806904701
2025-05-16,AAPL,sell,-0.07384353659021037,211.6948284,-15.632294806913706,0.0015632294806913706
2025-05-19,AAPL,sell,-7.542422629748596e-06,207.2582721,-0.001563229481689632,1.563229481689632e-07
2025-05-20,AAPL,sell,-7.550826246801493e-10,207.019296,-1.5631667338311672e-07,1.5631667338311673e-11
2025-05-21,AAPL,sell,-1.4229785248864222e-13,204.5275452,-2.9103830456733704e-11,2.9103830456733705e-15
2025-05-23,AAPL,sell,-743.223890724992,193.0576923,-143485.08920559433,14.348508920559432
2025-05-27,AAPL,buy,0.0743149575766917,197.7177698,14.693387674845095,0.0014693387674845095
2025-05-28,AAPL,buy,7.430752682404972e-06,200.0019982,0.0014861653846110043,1.4861653846110044e-07
2025-05-29,AAPL,buy,7.430009681436204e-10,202.97729569999998,1.508123272162739e-07,1.5081232721627392e-11
2025-05-30,AAPL,buy,7.429266754760815e-14,198.7848765,1.4768258743306845e-11,1.4768258743306844e-15
2025-06-27,AAPL,buy,712.6546377804679,201.2981278,143456.04435319532,14.345604435319531
2025-06-30,AAPL,sell,-0.07123724733722196,201.3778602,-14.345604435307905,0.0014345604435307905
2025-07-01,AAPL,sell,-6.963297683451533e-06,206.0173962,-0.0014345604577101767,1.4345604577101766e-07
2025-07-02,AAPL,sell,-6.888317762677592e-10,208.25517240000002,-1.4345278032124043e-07,1.4345278032124043e-11
2025-08-01,AAPL,sell,-712.6546590350476,210.2039775,-149802.84391307333,14.980284391307332
2025-08-04,AAPL,buy,0.07125834006947276,203.9043884,14.529888250265056,0.0014529888250265056
2025-08-05,AAPL,buy,7.125121494794075e-06,202.80227820000002,0.001444990871596028,1.444990871596028e-07
2025-08-06,AAPL,buy,7.124409053890887e-10,205.0265006,1.4606926571622053e-07,1.4606926571622052e-11
2025-08-07,AAPL,buy,7.123696684226661e-14,218.23282110000002,1.5546244240595004e-11,1.5546244240595003e-15
2025-08-11,AAPL,buy,658.3189954839454,227.5087486,149773.33084216146,14.977333084216147
2025-08-12,AAPL,sell,-0.06582047346679151,227.5482429,-14.977333084214479,0.001497733308421448
2025-08-13,AAPL,sell,-6.494745296456777e-06,230.606937,-0.0014977333194110543,1.4977333194110542e-07
2025-08-14,AAPL,sell,-6.411708875057791e-10,233.5856391,-1.4976831153035164e-07,1.4976831153035162e-11
2025-10-15,AAPL,sell,-658.3190004151336,248.985099,-163911.62149194308,16.391162149194308
2025-10-16,AAPL,buy,0.06582531750977941,247.8027778,16.311696528490316,0.0016311696528490316
2025-10-17,AAPL,buy,6.5818735636251946e-06,247.5727548,0.0016294925698919825,1.6294925698919826e-07
2025-10-20,AAPL,buy,6.58121544208323e-10,255.4235398,1.6809973444033203e-07,1.6809973444033204e-11
2025-10-21,AAPL,buy,6.580557386339697e-14,261.40713809999994,1.720204673465876e-11,1.720204673465876e-15
2025-10-22,AAPL,buy,625.0692506202919,262.1772151,163878.91537227208,16.38789153722721
2025-10-23,AAPL,sell,-0.06317150259310392,259.4190555,-16.38789153721882,0.001638789153721882
2025-10-24,AAPL,sell,-6.286908592749771e-06,260.66693069999997,-0.001638789166463539,1.638789166463539e-07
2025-10-27,AAPL,sell,-6.19840502037505e-10,264.34956239999997,-1.6385456547141075e-07,1.6385456547141074e-11
2025-10-28,AAPL,sell,-1.084154932352734e-13,268.4471526,-2.9103830456733704e-11,2.9103830456733705e-15
2025-11-21,AAPL,sell,-625.068579688139,265.6744299,-166064.73855704907,16.60647385570491
2025-11-24,AAPL,buy,0.06250060790806511,270.6740647,16.917293588696946,0.0016917293588696947
2025-11-25,AAPL,buy,6.2494358472175375e-06,275.04050129999996,0.0017188479682609015,1.7188479682609015e-07
2025-11-26,AAPL,buy,599.9783517871771,276.72867010000004,166031.21137885549,16.603121137885548
2025-11-28,AAPL,sell,-0.05994484357835669,276.9732999,-16.603121137886774,0.0016603121137886774
2025-12-01,AAPL,sell,-5.978319230570741e-06,277.722225,-0.001660312118474394,1.660312118474394e-07
2025-12-02,AAPL,sell,-5.873130604682156e-10,282.7067265,-1.6603735275566578e-07,1.6603735275566578e-11
2025-12-18,AAPL,sell,-599.9783988039476,273.3216651,-163987.0949851268,16.39870949851268
2025-12-19,AAPL,buy,0.05999184069626906,271.9181891,16.312872682905166,0.0016312872682905167
2025-12-22,AAPL,buy,5.998584211206063e-06,272.63226050000003,0.0016354075733007185,1.6354075733007184e-07
2025-12-23,AAPL,buy,5.997984412766785e-10,270.6140587,1.6231389059581558e-07,1.6231389059581557e-11
2025-12-24,AAPL,buy,5.997384674297408e-14,272.11220849999995,1.6319615889471205e-11,1.6319615889471205e-15
2018-01-31,MSFT,buy,383.71607466748645,86.86978610999999,33333.333333333336,3.3333333333333335
2018-02-01,MSFT,sell,-0.03795836345983696,87.81551757,-3.3333333333357587,0.00033333333333357586
2018-02-02,MSFT,sell,-3.842506782459478e-06,86.74892424,-0.0003333333297632634,3.3333332976326344e-08
2018-02-05,MSFT,sell,-3.9737195405538597e-10,83.89730942999999,-3.333843778818846e-08,3.3338437788188457e-12
2018-02-08,MSFT,sell,-383.7164841095334,83.10798837,-31889.90509875239,3.1889905098752394
2018-02-09,MSFT,buy,0.03836781162976702,79.96659586,3.068143286630187,0.0003068143286630187
2018-02-12,MSFT,buy,3.836397523222378e-06,82.22392157,0.0003154436490607791,3.1544364906077905e-08
2018-02-13,MSFT,buy,3.8360139218324225e-10,82.40083926,3.1609076657203566e-08,3.1609076657203567e-12
2018-02-14,MSFT,buy,3.835630358798081e-14,82.39683886,3.160438166004095e-12,3.160438166004095e-16
2018-02-21,MSFT,buy,368.33666614719476,86.56115525,31883.647342634744,3.1883647342634744
2018-02-22,MSFT,sell,-0.03721384976463035,85.67683146,-3.1883647342619956,0.0003188364734261996
2018-02-23,MSFT,sell,-3.6932648103381986e-06,86.32916622,-0.00031883647170616314,3.188364717061631e-08
2018-02-26,MSFT,sell,-3.6290268280493896e-10,87.8662125,-3.1886884244158864e-08,3.1886884244158862e-12
2018-03-21,MSFT,sell,-368.3362822320256,86.49684945,-31859.92795119623,3.185992795119623
2018-03-22,MSFT,buy,0.036829945228655174,84.96499565,3.129256136142425,0.0003129256136142425
2018-03-23,MSFT,buy,3.6826262602387228e-06,83.32083125,0.0003068394811861692,3.068394811861692e-08
2018-03-26,MSFT,buy,3.6822580344338123e-10,84.35253440999999,3.1060779755607707e-08,3.1060779755607708e-12
2018-03-27,MSFT,buy,3.6818898454406245e-14,88.38513763,3.25424340727769e-12,3.2542434072776903e-16
2018-04-11,MSFT,buy,372.4786636291934,85.51795093999999,31853.61208243812,3.1853612082438123
2018-04-12,MSFT,sell,-0.037025739034382256,86.03099603999999,-3.185361208245013,0.0003185361208245013
2018-04-13,MSFT,sell,-3.638743341989985e-06,87.54014511,-0.00031853612017584965,3.1853612017584964e-08
2018-04-16,MSFT,sell,-3.638039332914434e-10,87.55854327,-3.185414243489504e-08,3.185414243489504e-12
2018-04-25,MSFT,sell,-4.189206545227021e-14,86.84171495999999,-3.637978807091713e-12,3.637978807091713e-16
2018-06-26,MSFT,sell,-372.47888213926575,92.37536154,-34407.871403629724,3.4407871403629726
2018-06-27,MSFT,buy,0.03724416379754646,93.10690976,3.4676889977848173,0.0003467688997784817
2018-06-28,MSFT,buy,3.724043975356146e-06,91.04970406,0.000339073101862603,3.39073101862603e-08
2018-06-29,MSFT,buy,3.723671608192257e-10,92.49844892,3.4443384804522577e-08,3.4443384804522578e-12
2018-07-02,MSFT,buy,3.723299278266872e-14,91.72477156,3.4151877574854167e-12,3.415187757485417e-16
2018-07-10,MSFT,buy,360.71000485873924,95.37013606000001,34400.96224158123,3.4400962241581228
2018-07-11,MSFT,sell,-0.036382674209285364,94.55314374000001,-3.44009622415615,0.000344009622415615
2018-07-12,MSFT,sell,-3.580312292941028e-06,96.08369067,-0.00034400961885694414,3.440096188569441e-08
2018-07-13,MSFT,sell,-3.52627582106655e-10,97.57604142000001,-3.440800355747342e-08,3.440800355747342e-12
2018-08-22,MSFT,sell,-360.70968957282236,99.30536846999999,-35820.40863372844,3.582040863372844
2018-08-23,MSFT,buy,0.0360673622210679,100.5750565,3.6274769931898696,0.00036274769931898696
2018-08-24,MSFT,buy,3.606375584548877e-06,101.0721062,0.0003645039760786112,3.645039760786112e-08
2018-08-27,MSFT,buy,3.6060149830478106e-10,102.5672557,3.6985906082429595e-08,3.69859060824296e-12
2018-08-28,MSFT,buy,3.605654417607119e-14,103.1823172,3.72039777831119e-12,3.72039777831119e-16
2018-08-29,MSFT,buy,345.482604382052,103.6613651,35813.19838854675,3.5813198388546748
2018-08-30,MSFT,sell,-0.034175012467630404,104.7935196,-3.581319838856871,0.00035813198388568715
2018-08-31,MSFT,sell,-3.417175188005973e-06,104.80351859999999,-0.00035813198337564245,3.5813198337564243e-08
2018-09-04,MSFT,sell,-3.443036699368124e-10,104.0135976,-3.581226337701082e-08,3.5812263377010824e-12
2018-09-05,MSFT,sell,-6.984857918861658e-14,104.1675822,-7.275957614183426e-12,7.275957614183426e-16
2018-10-09,MSFT,sell,-345.4829742494897,104.2845705,-36028.543584670595,3.6028543584670594
2018-10-10,MSFT,buy,0.03454484294062532,104.4044394,3.606634961377034,0.0003606634961377034
2018-10-11,MSFT,buy,3.4541388801751246e-06,98.85568458,0.00034146126363410656,3.414612636341066e-08
2018-10-12,MSFT,buy,3.4537935008301455e-10,102.3142304,3.533722239979581e-08,3.533722239979581e-12
2018-10-15,MSFT,buy,3.453448156012879e-14,102.2152205,3.5299496475217484e-12,3.5299496475217485e-16
2018-11-08,MSFT,buy,343.2548519965167,104.940493,36021.3333931565,3.60213333931565
2018-11-09,MSFT,sell,-0.034631369575035306,104.0135976,-3.602133339314605,0.0003602133339314605
2018-11-12,MSFT,sell,-3.5079542477330467e-06,102.6847305,-0.00036021333653479815,3.6021333653479817e-08
2018-11-13,MSFT,sell,-3.5681686577533656e-10,100.9369053,-3.601599019020796e-08,3.6015990190207958e-12
2018-11-14,MSFT,sell,-7.142758559717003e-14,101.8648125,-7.275957614183426e-12,7.275957614183426e-16
2018-11-19,MSFT,sell,-343.25454257288783,102.02879610000001,-35021.84773456794,3.5021847734567944
2018-11-20,MSFT,buy,0.03432202205506534,95.96609565,3.29375045143781,0.000329375045143781
2018-11-21,MSFT,buy,3.43185901960498e-06,97.67366639,0.00033520225297840926,3.3520225297840925e-08
2018-11-23,MSFT,buy,3.431515868014698e-10,96.31373041,3.305020942096048e-08,3.305020942096048e-12
2018-11-26,MSFT,buy,3.431172750736295e-14,98.77677669,3.389201845842921e-12,3.389201845842921e-16
2018-11-30,MSFT,buy,335.56860094600285,104.3454335,35015.05113469918,3.5015051134699178
2018-12-03,MSFT,sell,-0.03287694856073979,106.5033486,-3.5015051134687383,0.00035015051134687383
2018-12-04,MSFT,sell,-3.319357059702631e-06,105.48745020000001,-0.0003501505125313997,3.501505125313997e-08
2018-12-06,MSFT,sell,-3.510869337871593e-10,99.72432657,-3.5011908039450645e-08,3.5011908039450647e-12
2018-12-07,MSFT,sell,-7.123668875270878e-14,102.1377852,-7.275957614183425e-12,7.275957614183425e-16
2018-12-18,MSFT,sell,-335.5692776054945,97.79071995,-32815.56125014272,3.2815561250142715
2018-12-19,MSFT,buy,0.03355357240333106,97.72247127,3.278938015190384,0.0003278938015190384
2018-12-20,MSFT,buy,3.355021738164214e-06,97.14031306,0.0003259078619683771,3.2590786196837713e-08
2018-12-21,MSFT,buy,3.3546862695360447e-10,95.8105801,3.2141443753775336e-08,3.2141443753775336e-12
2018-12-24,MSFT,buy,3.354350834448418e-14,92.07630671,3.0885623624561696e-12,3.08856236245617e-16
2019-01-11,MSFT,buy,337.28774913233553,97.27302633,32809.00010213611,3.2809000102136108
2019-01-14,MSFT,sell,-0.03416013789103325,96.04469457,-3.2809000102133723,0.0003280900010213372
2019-01-15,MSFT,sell,-3.3962629642572192e-06,96.60323871,-0.00032809000185807236,3.280900018580724e-08
2019-01-16,MSFT,sell,-3.307934360655026e-10,99.17758125,-3.280729288235307e-08,3.280729288235307e-12
2019-01-17,MSFT,sell,-7.354324890581567e-14,98.93440557,-7.275957614183426e-12,7.275957614183426e-16
2019-02-04,MSFT,sell,-337.2873143292836,96.95390364000001,-32701.321772475756,3.2701321772475755
2019-02-05,MSFT,buy,0.03372535889702629,99.96889589,3.3714868924297066,0.00033714868924297065
2019-02-06,MSFT,buy,324.1362590121645,100.8670857,32694.679816257394,3.2694679816257395
2019-02-07,MSFT,sell,-0.032988545710392,99.10918809,-3.269467981626804,0.0003269467981626804
2019-02-08,MSFT,sell,-3.3224221438538856e-06,98.4061584,-0.00032694679975975305,3.2694679975975307e-08
2019-02-11,MSFT,sell,-3.2669689384993915e-10,100.0759914,-3.2694515539333224e-08,3.2694515539333226e-12
2019-02-12,MSFT,sell,-3.636996952483429e-14,100.02699630000001,-3.6379788070917125e-12,3.6379788070917126e-16
2019-05-14,MSFT,sell,-324.13567733890324,117.2342754,-37999.81126411452,3.799981126411452
2019-05-15,MSFT,buy,0.032410326701227135,118.0708059,3.8267133930961763,0.00038267133930961763
2019-05-16,MSFT,buy,3.240708599257735e-06,120.42504129999999,0.00039026246690687785,3.9026246690687785e-08
2019-05-17,MSFT,buy,3.240384560801196e-10,121.9071895,3.950261747064657e-08,3.9502617470646575e-12
2019-05-20,MSFT,buy,3.240060554749298e-14,120.19801860000001,3.8944885882488245e-12,3.8944885882488243e-16
2019-05-22,MSFT,buy,315.81980261950247,120.2970285,37992.18379658266,3.7992183796582664
2019-05-23,MSFT,sell,-0.031693428252619386,119.8740114,-3.799218379659578,0.0003799218379659578
2019-05-24,MSFT,sell,-3.151676664536496e-06,120.54594420000001,-0.0003799218393396586,3.799218393396586e-08
2019-05-28,MSFT,sell,-315.81968800837404,120.6149373,-38092.571867235594,3.8092571867235594
2019-05-29,MSFT,buy,319.66018796561605,119.15391419999999,38088.76261001088,3.8088762610010884
2019-05-30,MSFT,sell,-319.66057205402063,119.0140974,-38044.11445737693,3.8044114457376925
2019-05-31,MSFT,buy,0.03196286091931708,118.041803,3.772953731954426,0.00037729537319544263
2019-06-03,MSFT,buy,3.1959664952823153e-06,117.6687657,0.0003760654327184249,3.760654327184249e-08
2019-06-04,MSFT,buy,3.1956469305901936e-10,115.2465235,3.682871990839656e-08,3.682871990839656e-12
2019-06-05,MSFT,buy,3.195327397850223e-14,118.7428731,3.7942235571588225e-12,3.7942235571588223e-16
2019-06-11,MSFT,buy,298.94603073693884,127.22272099999999,38032.72746250299,3.803272746250299
2019-06-12,MSFT,sell,-0.030468956411639582,124.8245163,-3.8032727462486946,0.00038032727462486947
2019-06-13,MSFT,sell,-3.033796851528199e-06,125.3634624,-0.00038032727752579376,3.803272775257937e-08
2019-06-14,MSFT,sell,-3.027391132606958e-10,125.6244363,-3.803143044933677e-08,3.803143044933677e-12
2019-08-06,MSFT,sell,-298.94545329175673,127.1202867,-38002.03173010957,3.800203173010957
2019-08-07,MSFT,buy,0.02989155617355344,127.13571230000001,3.800284285880179,0.0003800284285880179
2019-08-08,MSFT,buy,2.98885673168449e-06,129.7919779,0.00038792962686505955,3.879296268650595e-08
2019-08-09,MSFT,buy,2.9885578758955987e-10,131.6981685,3.9358759871170065e-08,3.9358759871170066e-12
2019-08-12,MSFT,buy,2.9882590499892833e-14,130.2410228,3.8919391506196055e-12,3.8919391506196054e-16
2019-08-23,MSFT,buy,290.52377079266256,130.7790766,37994.430474614455,3.7994430474614456
2019-08-26,MSFT,sell,-0.029530390750087964,128.6621325,-3.7994430474645924,0.00037994430474645925
2019-08-27,MSFT,sell,-2.922850879414049e-06,129.99099959999998,-0.0003799443074967712,3.799443074967712e-08
2019-08-28,MSFT,sell,-2.955521980128996e-10,128.55614309999999,-3.799505066126585e-08,3.799505066126585e-12
2019-08-29,MSFT,sell,-290.52328980774683,130.8109176,-38003.6181239221,3.8003618123922096
2019-08-30,MSFT,buy,0.029049424038349994,132.65426409999998,3.853529968336168,0.00038535299683361684
2019-09-03,MSFT,buy,291.75816423478585,130.23102179999998,37995.96384678837,3.799596384678837
2019-09-04,MSFT,sell,-0.029035380459947885,130.8609126,-3.7995963846769882,0.0003799596384676988
2019-09-05,MSFT,sell,-2.8656790397142942e-06,132.58973970000002,-0.0003799596379394643,3.799596379394643e-08
2019-09-06,MSFT,sell,-2.8465477482617163e-10,133.47765090000001,-3.799505066126585e-08,3.799505066126585e-12
2019-09-09,MSFT,sell,-5.468642649826168e-14,133.04869380000002,-7.275957614183426e-12,7.275957614183426e-16
2019-09-16,MSFT,sell,-291.758298913311,129.48305040000002,-37777.75452281052,3.7777754522810523
2019-09-17,MSFT,buy,0.029172912600040957,130.56305500000002,3.808904592309341,0.00038089045923093414
2019-09-18,MSFT,buy,2.9169995600512767e-06,130.9460933,0.0003819696965465334,3.819696965465334e-08
2019-09-19,MSFT,buy,282.39931835452086,133.74737340000001,37770.16707986758,3.777016707986758
2019-09-20,MSFT,sell,-0.028099550301138906,134.4155571,-3.777016707987059,0.0003777016707987059
2019-09-23,MSFT,sell,-2.846180941013238e-06,132.70472819999998,-0.0003777016681851819,3.777016681851819e-08
2019-09-24,MSFT,sell,-2.823262300909346e-10,133.7796207,-3.7769495975226164e-08,3.7769495975226164e-12
2019-09-25,MSFT,sell,-5.5518397188571555e-14,131.0548932,-7.275957614183426e-12,7.275957614183426e-16
2019-10-03,MSFT,sell,-282.3994559030549,128.62513620000001,-36323.66847833634,3.6323668478336337
2019-10-04,MSFT,buy,0.02823712187806997,130.3690356,3.6812463473636425,0.0003681246347363643
2019-10-07,MSFT,buy,2.823429844819796e-06,130.73007170000002,0.0003691071860532119,3.6910718605321185e-08
2019-10-08,MSFT,buy,2.823147530068727e-10,130.6800667,3.6892910753332154e-08,3.689291075333215e-12
2019-10-09,MSFT,buy,2.8228652435442886e-14,131.0421029,3.699141977173642e-12,3.6991419771736423e-16
2019-10-15,MSFT,buy,271.96263400925665,133.53435209999998,36316.354127835504,3.6316354127835506
2019-10-16,MSFT,sell,-0.027061250038342363,134.2005786,-3.631635412784817,0.00036316354127848173
2019-10-17,MSFT,sell,-2.7030033778816703e-06,134.3555631,-0.00036316354089649394,3.631635408964939e-08
2019-10-18,MSFT,sell,-2.726039680393773e-10,133.2126774,-3.631430445238948e-08,3.6314304452389478e-12
2019-10-21,MSFT,sell,-5.5136010689072315e-14,131.9638023,-7.275957614183426e-12,7.275957614183426e-16
2019-10-24,MSFT,sell,-271.96276633257554,132.8617125,-36133.43887118333,3.613343887118333
2019-10-25,MSFT,buy,0.02719355727754853,132.8402827,3.612399836368189,0.0003612399836368189
2019-10-28,MSFT,buy,262.43879416289536,137.6557642,36126.21276621986,3.612621276621986
2019-10-29,MSFT,sell,-0.026307231610205033,137.32426619999998,-3.61262127662485,0.000361262127662485
2019-10-30,MSFT,sell,-2.6412236042387103e-06,136.77832080000002,-0.0003612621294450946,3.612621294450946e-08
2019-10-31,MSFT,sell,-2.6155419441445856e-10,138.1171869,-3.612512955442071e-08,3.612512955442071e-12
2020-02-26,MSFT,sell,-262.4387254429886,162.74672370000002,-42711.04273785023,4.271104273785022
2020-02-27,MSFT,buy,0.0262412484194429,156.67366579999998,4.111312585042574,0.0004111312585042574
2020-02-28,MSFT,buy,2.623862455696452e-06,146.1826168,0.0003835630798969814,3.835630798969814e-08
2020-03-02,MSFT,buy,2.623600095686679e-10,158.5498534,4.159714105513489e-08,4.159714105513489e-12
2020-03-03,MSFT,buy,2.6233377619102503e-14,166.70566889999998,4.3732527634987715e-12,4.3732527634987715e-16
2020-03-31,MSFT,buy,279.26061614441244,152.9132898,42702.659526217096,4.27026595262171
2020-04-01,MSFT,sell,-0.02910499967233697,146.71932660000002,-4.270265952618502,0.0004270265952618502
2020-04-02,MSFT,sell,-2.932342538094729e-06,145.6264359,-0.0004270265926606953,4.270265926606953e-08
2020-04-03,MSFT,sell,-2.8705480671771624e-10,148.7611224,-4.2702595237642527e-08,4.2702595237642525e-12
2020-04-06,MSFT,sell,-4.733172854279161e-14,153.7226262,-7.275957614183425e-12,7.275957614183425e-16
2020-06-02,MSFT,sell,-279.25943415552604,177.1902792,-49482.057107251676,4.948205710725167
2020-06-03,MSFT,buy,278.3150030680957,177.7737756,49477.10890154095,4.947710890154095
2020-06-04,MSFT,sell,-0.02791543189113349,177.2392743,-4.947710890155577,0.0004947710890155577
2020-06-05,MSFT,sell,-2.817451607002411e-06,175.60943730000002,-0.0004947710913256742,4.947710913256742e-08
2020-06-08,MSFT,sell,-2.7670944644331227e-10,178.8031179,-4.9476511776447296e-08,4.94765117764473e-12
2020-07-28,MSFT,sell,-278.28698757381807,195.7954185,-54487.31719512001,5.4487317195120015
2020-07-29,MSFT,buy,0.02782591616577267,194.7804761,5.419945198687887,0.0005419945198687887
2020-07-30,MSFT,buy,2.7823133852399045e-06,193.34433249999998,0.0005379445242750246,5.379445242750246e-08
2020-07-31,MSFT,buy,2.7820351817182377e-10,196.5976578,5.4694160064300294e-08,5.469416006430029e-12
2020-08-03,MSFT,buy,2.781757006018294e-14,203.4653445,5.6599114754480075e-12,5.659911475448007e-16
2020-08-05,MSFT,buy,263.5561786658431,206.69766769999998,54476.44743815426,5.447644743815426
2020-08-06,MSFT,sell,-0.02667764924990195,204.2025777,-5.44764474380645,0.000544764474380645
2020-08-07,MSFT,sell,-2.636726828897314e-06,206.6063373,-0.0005447644725791179,5.447644725791179e-08
2020-08-10,MSFT,sell,-2.675979916187969e-10,203.5706409,-5.447509465739131e-08,5.447509465739131e-12
2020-08-11,MSFT,sell,-3.6519827971030287e-14,199.23307469999997,-7.275957614183426e-12,7.275957614183426e-16
2020-08-17,MSFT,sell,-263.55585396499515,201.5488431,-53119.37745887732,5.311937745887732
2020-08-18,MSFT,buy,0.026352950101448846,202.4962476,5.3363735087334305,0.0005336373508733431
2020-08-19,MSFT,buy,260.4206590629292,203.93439139999998,53108.72861398535,5.310872861398535
2020-08-20,MSFT,sell,-0.02629316806742025,201.9867993,-5.3108728613951826,0.0005310872861395183
2020-08-21,MSFT,sell,-2.576237948320068e-06,206.14838310000002,-0.0005310872875270434,5.3108728752704336e-08
2020-08-24,MSFT,sell,-2.564856038715493e-10,207.0572922,-5.310721462592483e-08,5.310721462592483e-12
2020-08-25,MSFT,sell,-3.541862311977579e-14,205.4274552,-7.275957614183425e-12,7.275957614183425e-16
2020-09-10,MSFT,sell,-260.42040272334464,205.709427,-53570.931823328465,5.3570931823328465
2020-09-11,MSFT,buy,0.02603943632869694,199.7909771,5.202444427243599,0.0005202444427243599
2020-09-14,MSFT,buy,2.603683264547102e-06,196.91969,0.0005127165013128033,5.127165013128033e-08
2020-09-15,MSFT,buy,2.603422922253637e-10,200.94409240000002,5.231424562456129e-08,5.2314245624561285e-12
2020-09-16,MSFT,buy,2.6031626059918045e-14,203.08330629999998,5.286588688613398e-12,5.286588688613398e-16
2020-10-02,MSFT,buy,267.06069140588545,200.55505349999999,53560.371252654346,5.356037125265434
2020-10-05,MSFT,sell,-0.026810881283672226,199.7710209,-5.356037125267903,0.0005356037125267903
2020-10-06,MSFT,sell,-2.6609238729926904e-06,201.2848695,-0.0005356037145247683,5.356037145247683e-08
2020-10-07,MSFT,sell,-2.6829596865440884e-10,199.6240356,-5.35583239980042e-08,5.35583239980042e-12
2020-10-08,MSFT,sell,-3.5853334857687573e-14,202.9367043,-7.275957614183426e-12,7.275957614183426e-16
2020-10-28,MSFT,sell,-267.0605839218017,200.1919788,-53463.386754788946,5.346338675478894
2020-10-29,MSFT,buy,0.026703388053359443,196.7536734,5.253989691724145,0.0005253989691724146
2020-10-30,MSFT,buy,2.6700717981544226e-06,196.1976178,0.0005238617261528601,5.238617261528601e-08
2020-11-02,MSFT,buy,2.66980481767267e-10,196.9676948,5.2586530050292014e-08,5.258653005029202e-12
2020-11-03,MSFT,buy,2.6695378638885407e-14,196.5776558,5.247714953525488e-12,5.247714953525488e-16
2020-11-09,MSFT,buy,247.0107295738122,216.3986377,53452.78537705606,5.345278537705606
2020-11-10,MSFT,sell,-0.025850660162771096,206.7753204,-5.345278537708509,0.0005345278537708509
2020-11-11,MSFT,sell,-2.610629987563988e-06,204.7505229,-0.0005345278550521471,5.3452785505214704e-08
2020-11-12,MSFT,sell,-2.552588907412631e-10,209.3920587,-5.3449184633791447e-08,5.344918463379145e-12
2020-11-13,MSFT,sell,-3.488494365869906e-14,208.5701409,-7.275957614183425e-12,7.275957614183425e-16
2020-11-24,MSFT,sell,-247.00957726049023,202.5747405,-50037.901014558505,5.00379010145585
2020-11-25,MSFT,buy,0.024698487877294877,207.9577937,5.136243046688439,0.0005136243046688439
2020-11-27,MSFT,buy,2.4696018275463185e-06,207.7047684,0.0005129480756307248,5.129480756307248e-08
2020-11-30,MSFT,buy,2.469354892057461e-10,206.97069499999998,5.110840982107826e-08,5.110840982107826e-12
2020-12-01,MSFT,buy,2.469107981259368e-14,207.3717351,5.120232062230134e-12,5.120232062230135e-16
2020-12-02,MSFT,buy,240.8251619003421,207.7347714,50027.75995473556,5.002775995473556
2020-12-03,MSFT,sell,-240.84924682502458,207.42725520000002,-49958.69818590217,4.995869818590217
2020-12-04,MSFT,buy,241.19470497407204,207.0887068,49948.699540088106,4.99486995400881
2020-12-07,MSFT,sell,-0.02410718090369922,207.1942785,-4.994869954010937,0.0004994869954010937
2020-12-08,MSFT,sell,-2.4152638688375045e-06,206.8043175,-0.0004994869959773496,4.994869959773496e-08
2020-12-09,MSFT,sell,-2.4018291927694687e-10,207.96420150000003,-4.994944902136922e-08,4.994944902136922e-12
2020-12-10,MSFT,sell,-3.554769998686724e-14,204.6815298,-7.275957614183426e-12,7.275957614183426e-16
2020-12-11,MSFT,sell,-241.1706275157333,203.0226957,-48963.11092190477,4.896311092190477
2020-12-14,MSFT,buy,0.024114651286414376,205.88658660000002,4.964883240409155,0.0004964883240409155
2020-12-15,MSFT,buy,2.411224006240614e-06,208.0057985,0.0005015485747804479,5.0154857478044794e-08
2020-12-16,MSFT,buy,2.4109829079495346e-10,207.6057585,5.005339353353988e-08,5.005339353353988e-12
2020-12-17,MSFT,buy,230.3267686540167,212.5382517,48953.248729435065,4.895324872943506
2020-12-18,MSFT,sell,-0.023171504285141233,211.2648714,-4.8953248729449115,0.0004895324872944911
2020-12-21,MSFT,sell,-2.3281030533718993e-06,210.27097080000001,-0.0004895324891549535,4.895324891549535e-08
2020-12-22,MSFT,sell,-2.2743233167992633e-10,215.2404738,-4.895264282822609e-08,4.895264282822609e-12
2020-12-23,MSFT,sell,-3.3739591985569274e-14,215.6504328,-7.275957614183425e-12,7.275957614183425e-16
2021-01-07,MSFT,sell,-230.32662748414944,206.8703109,-47647.74103619448,4.764774103619448
2021-01-08,MSFT,buy,0.023030359712449062,211.3971376,4.868552121110091,0.0004868552121110091
2021-01-11,MSFT,buy,2.3028056906763866e-06,211.1921171,0.0004863344090838738,4.863344090838738e-08
2021-01-12,MSFT,buy,2.3025754331306062e-10,209.2969276,4.8192196372147514e-08,4.819219637214751e-12
2021-01-13,MSFT,buy,2.3023451986107014e-14,206.8916871,4.763360824271526e-12,4.763360824271526e-16
2021-01-25,MSFT,buy,215.0916814281079,221.47814559999998,47638.106736683294,4.763810673668329
2021-01-26,MSFT,sell,-0.02125670747188303,224.1085869,-4.763810673670378,0.00047638106736703773
2021-01-27,MSFT,sell,-2.0709699487107076e-06,230.02799489999998,-0.00047638106480007986,4.7638106480007986e-08
2021-01-28,MSFT,sell,-2.092152856536749e-10,227.7222255,-4.764297045767307e-08,4.764297045767308e-12
2021-02-24,MSFT,sell,-215.09193184264115,222.8217156,-47927.15326489557,4.792715326489557
2021-02-25,MSFT,buy,0.021507042480024132,224.87748549999998,4.836449633449511,0.00048364496334495104
2021-02-26,MSFT,buy,2.15048919908313e-06,224.3394317,0.00048243952479929753,4.824395247992975e-08
2021-03-01,MSFT,buy,2.1502741716652517e-10,228.5798557,4.915093598746802e-08,4.915093598746802e-12
2021-03-02,MSFT,buy,2.150059165749953e-14,229.64196189999998,4.9374380502389644e-12,4.937438050238965e-16
2021-03-16,MSFT,buy,209.2907926063001,228.9518929,47917.52313375373,4.791752313375373
2021-03-17,MSFT,sell,-0.020944884819741553,228.7791198,-4.791752313372854,0.00047917523133728535
2021-03-18,MSFT,sell,-2.1269124479167334e-06,225.2914686,-0.0004791752289747819,4.7917522897478186e-08
2021-03-19,MSFT,sell,-2.1410907904597324e-10,223.8086169,-4.791945684701204e-08,4.791945684701204e-12
2021-03-22,MSFT,sell,-3.2616980580970875e-14,223.0726905,-7.275957614183426e-12,7.275957614183426e-16
2021-05-04,MSFT,sell,-209.29077467182094,243.125685,-50883.96295626712,5.088396295626712
2021-05-05,MSFT,buy,0.020926984768696005,241.3361312,5.050437541758421,0.000505043754175842
2021-05-06,MSFT,buy,2.092489227945976e-06,238.78787640000002,0.0004996610591310952,4.996610591310952e-08
2021-05-07,MSFT,buy,2.092279999946435e-10,244.3164292,5.1117837847348916e-08,5.111783784734892e-12
2021-05-10,MSFT,buy,2.092070792865771e-14,243.07530509999998,5.085307462666462e-12,5.085307462666461e-16
2021-05-26,MSFT,buy,208.34607623845272,244.1794155,50873.823117623826,5.087382311762383
2021-05-27,MSFT,sell,-0.020860476590401363,243.8766099,-5.087382311765396,0.0005087382311765395
2021-05-28,MSFT,sell,-2.087459831438848e-06,243.7116264,-0.0005087382305646315,5.087382305646315e-08
2021-06-01,MSFT,sell,-2.0855468357963334e-10,243.9336042,-5.0873495638370514e-08,5.087349563837052e-12
2021-06-02,MSFT,sell,-3.0199729749957244e-14,240.9279048,-7.275957614183426e-12,7.275957614183426e-16
2021-09-13,MSFT,sell,-208.3460482790218,289.4770494,-60311.399309961176,6.031139930996118
2021-09-14,MSFT,buy,0.020832521575725113,291.47714479999996,6.0722039078767525,0.0006072203907876752
2021-09-15,MSFT,buy,2.0830438531872273e-06,295.0915062,0.0006146885481176707,6.146885481176707e-08
2021-09-16,MSFT,buy,2.0828355696304758e-10,295.5685539,6.156206973271625e-08,6.156206973271625e-12
2021-09-17,MSFT,buy,2.0826273069019353e-14,295.96159320000004,6.163776957925222e-12,6.163776957925222e-16
2021-09-20,MSFT,buy,209.1250638806174,288.3408312,60299.29474409032,6.029929474409032
2021-09-21,MSFT,sell,-0.020962057950500747,287.65923119999997,-6.029929474410892,0.0006029929474410892
2021-09-22,MSFT,sell,-209.12501432409934,288.6651306,-60367.099571593004,6.0367099571593
2021-09-23,MSFT,buy,0.020910410391395146,290.7840755,6.08041435398743,0.000608041435398743
2021-09-24,MSFT,buy,2.0908319559409765e-06,290.19801689999997,0.0006067552872852194,6.067552872852195e-08
2021-09-27,MSFT,buy,2.0906228936540571e-10,288.15681279999995,6.024272298020663e-08,6.024272298020663e-12
2021-09-28,MSFT,buy,2.0904138522660687e-14,281.9821954,5.894594873565573e-12,5.894594873565573e-16
2021-10-13,MSFT,buy,210.3300365419457,286.9536925,60354.980629371246,6.035498062937124
2021-10-14,MSFT,sell,-0.02073506445453479,291.07688939999997,-6.035498062934494,0.0006035498062934493
2021-10-15,MSFT,sell,-2.051965138815618e-06,294.13258379999996,-0.0006035498081473634,6.035498081473634e-08
2021-10-18,MSFT,sell,-2.0436390125845936e-10,295.3264644,-6.035406840965152e-08,6.035406840965152e-12
2021-10-19,MSFT,sell,-2.4255941021585946e-14,299.9660004,-7.275957614183426e-12,7.275957614183426e-16
2021-12-01,MSFT,sell,-210.33033245856748,326.627334,-68699.63575027557,6.869963575027557
2021-12-02,MSFT,buy,0.02103093015281311,321.9841952,6.771627119560942,0.0006771627119560942
2021-12-03,MSFT,buy,2.102882727010102e-06,323.6233591,0.0006805419719083776,6.805419719083776e-08
2021-12-06,MSFT,buy,2.1026724597645442e-10,315.79157599999996,6.64006249880842e-08,6.640062498808419e-12
2021-12-07,MSFT,buy,2.102462213541569e-14,323.2933261,6.7971200201542225e-12,6.797120020154223e-16
2021-12-14,MSFT,buy,211.45441384155163,324.8264794,68685.99280174184,6.868599280174184
2021-12-15,MSFT,sell,-0.021446279476236323,320.2699698,-6.868599280176567,0.0006868599280176567
2021-12-16,MSFT,sell,-2.0992418814636463e-06,327.19427729999995,-0.0006868599302833899,6.8685993028339e-08
2021-12-17,MSFT,sell,-2.1962505577214629e-10,312.7377231,-6.868503987789154e-08,6.868503987789154e-12
2021-12-20,MSFT,sell,-211.4541108737013,311.92880399999996,-65958.62790571703,6.5958627905717035
2021-12-21,MSFT,buy,0.021143296757712995,315.1445113,6.663193923980336,0.0006663193923980336
2021-12-22,MSFT,buy,2.1141182639439044e-06,320.0299998,0.0006765812675871441,6.76581267587144e-08
2021-12-23,MSFT,buy,2.11390687325843e-10,324.3674335,6.856825471368467e-08,6.856825471368468e-12
2021-12-27,MSFT,buy,2.113695503708725e-14,327.0146982,6.912094972320056e-12,6.912094972320056e-16
2021-12-29,MSFT,buy,198.2071854555265,332.7092676,65945.3675059656,6.59453675059656
2021-12-30,MSFT,sell,-0.019789764450956045,333.2296737,-6.594536750591942,0.0006594536750591943
2021-12-31,MSFT,sell,-1.9988411227370823e-06,329.9180049,-0.0006594536753254943,6.594536753254942e-08
2022-01-03,MSFT,sell,-2.0175479531079498e-10,326.8423125,-6.594200385734439e-08,6.594200385734439e-12
2022-01-04,MSFT,sell,-2.229602037801523e-14,326.3343633,-7.275957614183425e-12,7.275957614183425e-16
2022-01-06,MSFT,sell,-198.20721441347396,305.2004769,-60492.93636401281,6.049293636401281
2022-01-07,MSFT,buy,0.019818739567377664,306.2396209,6.069283291829565,0.0006069283291829566
2022-01-10,MSFT,buy,1.9816757891560486e-06,301.6941664,0.0005978600252844961,5.978600252844961e-08
2022-01-11,MSFT,buy,1.981477641390898e-10,305.48354529999995,6.053088148247734e-08,6.053088148247734e-12
2022-01-12,MSFT,buy,1.9812795134362016e-14,311.6201589,6.174066368023037e-12,6.174066368023037e-16
2022-02-03,MSFT,buy,200.47061997873584,301.6941664,60480.81658217589,6.048081658217589
2022-02-04,MSFT,sell,-0.02067064857349418,292.5927378,-6.048081658220327,0.0006048081658220327
2022-02-07,MSFT,sell,-2.0268223583726575e-06,298.4021568,-0.0006048081631888635,6.048081631888635e-08
2022-02-08,MSFT,sell,-2.0600704530501141e-10,293.6066364,-6.048503564670682e-08,6.048503564670682e-12
2022-02-09,MSFT,sell,-2.4092192238355475e-14,302.00479650000005,-7.275957614183426e-12,7.275957614183426e-16
2022-02-14,MSFT,sell,-200.4699943025642,286.31236590000003,-57397.038360726685,5.739703836072668
2022-02-15,MSFT,buy,0.02004499493074217,292.45324239999997,5.862223761387111,0.0005862223761387111
2022-02-16,MSFT,buy,2.004299063168951e-06,291.4521423,0.0005841572557704738,5.8415725577047376e-08
2022-02-17,MSFT,buy,2.00409865330445e-10,289.4949466,5.8017643261950364e-08,5.801764326195036e-12
2022-02-18,MSFT,buy,2.0038982634752844e-14,286.2616233,5.73639169830486e-12,5.736391698304861e-16
2022-03-04,MSFT,buy,199.6204383911435,287.4727444,57385.435262633146,5.738543526263315
2022-03-07,MSFT,sell,-199.64040243138663,281.7908181,-56256.83232695367,5.625683232695367
2022-03-08,MSFT,buy,0.0199620440387346,271.36413369999997,5.416982787452463,0.0005416982787452464
2022-03-09,MSFT,buy,1.9960048033891284e-06,276.8736846,0.0005526412043936465,5.5264120439364655e-08
2022-03-10,MSFT,buy,1.995805222864378e-10,276.46364359999995,5.517675838289959e-08,5.517675838289959e-12
2022-03-11,MSFT,buy,1.995605662296617e-14,281.28912610000003,5.6134217278762725e-12,5.613421727876272e-16
2022-03-21,MSFT,buy,192.62587204147243,291.96519359999996,56240.05002295732,5.624005002295732
2022-03-22,MSFT,sell,-0.019208079485023233,292.7937177,-5.624005002297054,0.0005624005002297053
2022-03-23,MSFT,sell,-1.9162467449154018e-06,293.49064799999996,-0.0005624004988931119,5.624004988931119e-08
2022-03-24,MSFT,sell,-1.9251280789152452e-10,292.1527818,-5.624315235763788e-08,5.624315235763788e-12
2022-03-25,MSFT,sell,-2.4407759308730074e-14,298.100187,-7.275957614183426e-12,7.275957614183426e-16
2022-04-12,MSFT,sell,-192.62592463801195,282.4787493,-54412.73027450167,5.441273027450167
2022-04-13,MSFT,buy,0.019260666397163968,276.1796152,5.319403434064315,0.0005319403434064315
2022-04-14,MSFT,buy,1.925874052312135e-06,281.418139,0.0005419758917500697,5.419758917500697e-08
2022-04-18,MSFT,buy,1.9256814841664356e-10,272.4502423,5.24652386953769e-08,5.2465238695376906e-12
2022-04-19,MSFT,buy,1.925488935272806e-14,272.9092882,5.254838147622773e-12,5.254838147622774e-16
2022-06-01,MSFT,buy,201.90384039347833,269.4449418,54401.968524017255,5.4401968524017255
2022-06-02,MSFT,sell,-0.021014835560046775,258.87411,-5.44019685240346,0.000544019685240346
2022-06-03,MSFT,sell,-2.0559337774867027e-06,264.6095364,-0.0005440196837298572,5.440196837298572e-08
2022-06-06,MSFT,sell,-2.0427096522571856e-10,266.3243649,-5.4402335081249475e-08,5.440233508124948e-12
2022-06-07,MSFT,sell,-2.78759616711425e-14,261.0118962,-7.275957614183426e-12,7.275957614183426e-16
2022-06-14,MSFT,sell,-201.90301380316052,238.7181258,-48197.90904846201,4.819790904846201
2022-06-15,MSFT,buy,0.020188282552041,243.1223098,4.908221884947247,0.0004908221884947247
2022-06-16,MSFT,buy,2.0186263925642134e-06,240.8400816,0.0004861661451050788,4.8616614510507876e-08
2022-06-17,MSFT,buy,2.0184245501089262e-10,239.5869563,4.835881944817945e-08,4.835881944817945e-12
2022-06-21,MSFT,buy,2.0182227278370954e-14,245.02650020000002,4.945180516260206e-12,4.945180516260207e-16
2022-06-30,MSFT,buy,191.46670318141042,251.6791654,48188.1800585869,4.81881800585869
2022-07-01,MSFT,sell,-0.019199556735961645,250.9858989,-4.818818005856883,0.0004818818005856883
2022-07-05,MSFT,sell,-1.9217011954353215e-06,250.7579217,-0.00048188179789576674,4.818817978957667e-08
2022-07-06,MSFT,sell,-1.8664237132677118e-10,258.1871787,-4.818866727873683e-08,4.818866727873683e-12
2022-07-07,MSFT,sell,-2.8035342482534262e-14,259.5280446,-7.275957614183426e-12,7.275957614183426e-16
2022-07-18,MSFT,sell,-191.46664836762335,254.2735701,-48684.90823551692,4.868490823551692
2022-07-19,MSFT,buy,0.019144750361731796,252.19321680000002,4.828176178558105,0.00048281761785581054
2022-07-20,MSFT,buy,1.914283607811505e-06,254.4694444,0.00048712668610382116,4.8712668610382114e-08
2022-07-21,MSFT,buy,1.9140921985925282e-10,254.3634338,4.86875064243787e-08,4.86875064243787e-12
2022-07-22,MSFT,buy,1.913900808513071e-14,259.6989673,4.9703806348547956e-12,4.970380634854796e-16
2022-07-26,MSFT,buy,191.3097315476706,254.4314406,48675.210598473095,4.867521059847309
2022-07-27,MSFT,sell,-0.019039455024370065,255.654432,-4.867521059844876,0.0004867521059844876
2022-07-28,MSFT,sell,-1.8433209475689824e-06,264.0625911,-0.00048675210564397275,4.8675210564397275e-08
2022-07-29,MSFT,sell,-1.7905861781037127e-10,271.8448128,-4.867615643888712e-08,4.867615643888712e-12
2022-08-01,MSFT,sell,-2.675350300640353e-14,271.962801,-7.275957614183426e-12,7.275957614183426e-16
2022-08-25,MSFT,sell,-191.3098212312693,272.0577915,-52047.327456438936,5.204732745643893
2022-08-26,MSFT,buy,0.019129069216179986,273.8303803,5.238120298251588,0.0005238120298251589
2022-08-29,MSFT,buy,1.912715650052408e-06,260.8500824,0.0004989320349239403,4.989320349239403e-08
2022-08-30,MSFT,buy,1.9125243976110127e-10,261.6521626,5.004161446601837e-08,5.0041614466018374e-12
2022-08-31,MSFT,buy,1.912333164295209e-14,260.39803720000003,4.979678024549376e-12,4.979678024549376e-16
2022-10-10,MSFT,buy,227.5693353882715,228.66386409999998,52036.88358055103,5.203688358055103
2022-10-11,MSFT,sell,-227.59209459773126,223.2936684,-50819.87370156724,5.081987370156724
2022-10-12,MSFT,buy,0.02275693376638731,221.1601138,5.0329260615132805,0.000503292606151328
2022-10-13,MSFT,buy,2.2754658300573196e-06,215.7125691,0.0004908465801009284,4.9084658010092844e-08
2022-10-14,MSFT,buy,2.2752383062271538e-10,231.10810850000001,5.258260213389013e-08,5.258260213389013e-12
2022-10-17,MSFT,buy,2.275010805147249e-14,231.383136,5.2639913452885546e-12,5.263991345288555e-16
2022-10-24,MSFT,buy,212.41678510608756,239.173915,50804.55410553665,5.080455410553665
2022-10-25,MSFT,sell,-0.020945085256330192,242.5607415,-5.080455410556169,0.0005080455410556169
2022-10-26,MSFT,sell,-2.2403232297157317e-06,226.7733204,-0.0005080455375718884,5.080455375718884e-08
2022-10-27,MSFT,sell,-2.2417112612189378e-10,226.64833289999999,-5.080801201984286e-08,5.0808012019842865e-12
2022-10-28,MSFT,sell,-3.2783620918592443e-14,221.9388039,-7.275957614183426e-12,7.275957614183426e-16
2022-11-01,MSFT,sell,-212.41707948823262,230.13998370000002,-48885.663211023464,4.8885663211023465
2022-11-02,MSFT,buy,0.021239583990404386,225.14151189999998,4.781912051726678,0.0004781912051726678
2022-11-03,MSFT,buy,2.1237460244344802e-06,215.94759259999998,0.00045861784127044673,4.586178412704467e-08
2022-11-04,MSFT,buy,2.1235336710679986e-10,213.4593438,4.5328810396338e-08,4.5328810396338e-12
2022-11-07,MSFT,buy,2.1233213389339874e-14,217.8147793,4.6249076882288695e-12,4.624907688228869e-16
2022-11-14,MSFT,buy,205.85107908378694,237.433741,48875.991795750386,4.887599179575038
2022-11-15,MSFT,sell,-0.020281176305187092,240.9918984,-4.887599179572135,0.0004887599179572135
2022-11-16,MSFT,sell,-2.0463296154814935e-06,238.8471129,-0.0004887599206995219,4.887599206995219e-08
2022-11-17,MSFT,sell,-2.0893086309785144e-10,233.9176059,-4.887260729447007e-08,4.887260729447007e-12
2022-11-18,MSFT,sell,-3.0373054519890045e-14,239.5530423,-7.275957614183426e-12,7.275957614183426e-16
2022-12-21,MSFT,sell,-205.8513809990431,237.7642212,-48944.09328618196,4.894409328618196
2022-12-22,MSFT,buy,0.020583079791952813,237.383736,4.886088379399862,0.0004886088379399861
2022-12-23,MSFT,buy,2.058102168980029e-06,232.3192296,0.0004781367103355294,4.781367103355294e-08
2022-12-27,MSFT,buy,2.05789637934366e-10,234.87048470000002,4.833391200788205e-08,4.833391200788205e-12
2022-12-28,MSFT,buy,2.057690610283656e-14,233.0883065,4.796236196519688e-12,4.796236196519688e-16
2023-01-18,MSFT,buy,205.87644270795852,237.6877664,48934.311821632225,4.893431182163223
2023-01-19,MSFT,sell,-0.02127736047851949,229.9829994,-4.893431182164932,0.0004893431182164932
2023-01-20,MSFT,sell,-2.11800269628556e-06,231.0398937,-0.0004893431178061292,4.8934311780612915e-08
2023-01-23,MSFT,sell,-2.0632940377861994e-10,237.1842792,-4.893809091299772e-08,4.893809091299772e-12
2023-02-24,MSFT,sell,-205.8757508043514,246.51734580000002,-50751.94365287093,5.075194365287093
2023-02-27,MSFT,buy,0.020585516528788077,249.0309006,5.126429720480281,0.0005126429720480281
2023-02-28,MSFT,buy,2.058345818297024e-06,245.68656620000002,0.000505707916149525,5.0570791614952504e-08
2023-03-01,MSFT,buy,2.0581400042964334e-10,247.3527328,5.090865545477266e-08,5.090865545477266e-12
2023-03-02,MSFT,buy,2.0579342108773333e-14,243.20131769999998,5.004923118252771e-12,5.004923118252771e-16
2023-03-16,MSFT,buy,193.96455859497746,261.6031577,50741.74101033278,5.074174101033278
2023-03-17,MSFT,sell,-0.018490166145722905,274.42555469999996,-5.074174101035169,0.0005074174101035169
2023-03-20,MSFT,sell,-1.8575649117567914e-06,273.162681,-0.0005074174114270136,5.074174114270136e-08
2023-03-21,MSFT,sell,-1.8717833557084297e-10,271.0918881,-5.074252840131521e-08,5.074252840131521e-12
2023-04-26,MSFT,sell,-193.96546311739138,292.61173590000004,-56756.57086742733,5.675657086742732
2023-04-27,MSFT,buy,0.019394606851040053,291.94919200000004,5.662239799318808,0.0005662239799318808
2023-04-28,MSFT,buy,189.22647473227426,299.87998500000003,56745.23240431729,5.674523240431729
2023-05-01,MSFT,sell,-0.018743900483900223,302.73972299999997,-5.674523240435519,0.000567452324043552
2023-05-02,MSFT,sell,-1.869579798120536e-06,303.51864509999996,-0.0005674523272318766,5.6745232723187655e-08
2023-05-03,MSFT,sell,-1.8765208189728572e-10,302.3957574,-5.674519343301654e-08,5.674519343301654e-12
2023-06-30,MSFT,sell,-189.226649687531,333.82361430000003,-63168.32412057157,6.316832412057157
2023-07-03,MSFT,buy,188.36701180800412,335.31352799999996,63162.00728815951,6.316200728815951
2023-07-05,MSFT,sell,-0.019070949352290402,331.1948772,-6.316200728819239,0.0006316200728819239
2023-07-06,MSFT,sell,-1.894602601578068e-06,333.3786588,-0.0006316200742730871,6.316200742730871e-08
2023-07-07,MSFT,sell,-1.8833395925338988e-10,335.3754591,-6.316258804872632e-08,6.316258804872632e-12
2023-07-10,MSFT,sell,-2.200095929997731e-14,330.71092560000005,-7.275957614183426e-12,7.275957614183426e-16
2023-07-12,MSFT,sell,-188.3478510840005,332.6877279,-62661.01863198368,6.266101863198368
2023-07-13,MSFT,buy,0.01883290181818585,335.6805647,6.321839117268283,0.0006321839117268283
2023-07-14,MSFT,buy,1.883101871630047e-06,343.61735830000003,0.0006470664905393025,6.470664905393025e-08
2023-07-17,MSFT,buy,183.32825626194366,341.7281694,62648.4294116881,6.26484294116881
2023-07-18,MSFT,sell,-0.018328446566620724,341.8098156,-6.264842941171082,0.0006264842941171082
2023-07-19,MSFT,sell,-1.7521818850286593e-06,357.5452419,-0.00062648429593537,6.2648429593537e-08
2023-07-20,MSFT,sell,-1.792656248294612e-10,349.4590506,-6.26459950581193e-08,6.26459950581193e-12
2023-07-21,MSFT,sell,-2.108420219547033e-14,345.0904875,-7.275957614183426e-12,7.275957614183426e-16
2023-07-28,MSFT,sell,-183.32825888871645,329.7920175,-60460.196363672105,6.046019636367211
2023-07-31,MSFT,buy,0.018330992789597454,333.07030369999995,6.105509335553734,0.0006105509335553734
2023-08-01,MSFT,buy,1.8329159873610128e-06,331.3601327,0.0006073552847998967,6.073552847998967e-08
2023-08-02,MSFT,buy,1.832732714089695e-10,329.81797850000004,6.044681988918818e-08,6.044681988918818e-12
2023-08-03,MSFT,buy,1.8325494591439432e-14,322.2752243,5.90585287986458e-12,5.905852879864579e-16
2023-08-30,MSFT,buy,185.64978166517523,325.602557,60448.04361667277,6.044804361667277
2023-08-31,MSFT,sell,-0.01853879667751319,326.06239050000005,-6.0448043616634095,0.0006044804361663409
2023-09-01,MSFT,sell,-1.8420735060876185e-06,328.1521815,-0.0006044804395060055,6.044804395060055e-08
2023-09-05,MSFT,sell,-1.8548015061042622e-10,325.8644103,-6.044137990102172e-08,6.044137990102172e-12
2023-09-06,MSFT,sell,-2.203480323983968e-14,330.2029764,-7.275957614183426e-12,7.275957614183426e-16
2023-09-21,MSFT,sell,-185.64980600683936,316.2163752,-58705.50871206593,5.870550871206593
2023-09-22,MSFT,buy,0.01856312428824342,318.3208289,5.909029110407367,0.0005909029110407367
2023-09-25,MSFT,buy,1.8561268161422498e-06,313.63536039999997,0.000582147002928879,5.82147002928879e-08
2023-09-26,MSFT,buy,1.8559412220209562e-10,312.1882157,5.794029785467999e-08,5.794029785467999e-12
2023-09-27,MSFT,buy,1.855755646458266e-14,309.38493539999996,5.741428407976758e-12,5.741428407976758e-16
2023-10-11,MSFT,buy,178.88004380877192,328.11780849999997,58693.72795891823,5.869372795891823
2023-10-12,MSFT,sell,-0.017926442422340434,327.4142553,-5.869372795888921,0.0005869372795888921
2023-10-13,MSFT,sell,-1.7828546396653704e-06,329.2120755,-0.0005869372762390412,5.8693727623904125e-08
2023-10-16,MSFT,sell,-1.790063647568979e-10,327.8942073,-5.86951500736177e-08,5.8695150073617695e-12
2023-10-17,MSFT,sell,-2.228823509702463e-14,326.4483519,-7.275957614183426e-12,7.275957614183426e-16
2023-12-08,MSFT,sell,-178.88000358367424,366.4223541,-65545.63201454635,6.554563201454635
2023-12-11,MSFT,buy,0.017886211737166435,365.7815745,6.5424466910611185,0.0006542446691061119
2023-12-12,MSFT,buy,1.7884423294827783e-06,368.1338097,0.0006583860881812378,6.583860881812377e-08
2023-12-13,MSFT,buy,1.7882635031314524e-10,373.2663229,6.674985421901498e-08,6.674985421901498e-12
2023-12-14,MSFT,buy,1.788084694661371e-14,370.5760539,6.6262137018659725e-12,6.626213701865972e-16
2023-12-27,MSFT,buy,176.65989359796046,370.9530916,65532.53369189048,6.553253369189048
2023-12-28,MSFT,sell,-0.01759046644657323,372.5457417,-6.553253369187587,0.0006553253369187587
2023-12-29,MSFT,sell,-1.7560961081920288e-06,373.1716791,-0.0006553253333549947,6.553253333549946e-08
2024-01-02,MSFT,sell,-1.7663980227351407e-10,371.0478915,-6.55418261885643e-08,6.55418261885643e-12
2024-01-05,MSFT,sell,-176.65996737197835,366.1953768,-64692.06331725732,6.469206331725732
2024-01-08,MSFT,buy,0.017664230314176063,366.5946558,6.4756124319973,0.00064756124319973
2024-01-09,MSFT,buy,1.7662464067750427e-06,369.2849248,0.0006522481715041918,6.522481715041918e-08
2024-01-10,MSFT,buy,1.7660697997964592e-10,373.61335760000003,6.598272676579149e-08,6.598272676579149e-12
2024-01-11,MSFT,buy,168.7985956218033,383.1733135,64679.11719855296,6.467911719855296
2024-01-12,MSFT,sell,-0.016905606949077025,382.5897372,-6.467911719853873,0.0006467911719853874
2024-01-16,MSFT,sell,-1.6554721042753174e-06,390.6989262,-0.0006467911734944209,6.46791173494421e-08
2024-01-17,MSFT,sell,-1.6796231502391393e-10,385.0624899,-6.467598723247647e-08,6.4675987232476475e-12
2024-01-18,MSFT,sell,-3.743025712983721e-14,388.7741187,-1.4551915228366852e-11,1.4551915228366853e-15
2024-02-21,MSFT,sell,-168.7985682160357,397.8942066,-67163.97237553551,6.716397237553551
2024-02-22,MSFT,buy,0.01687816900471705,407.9387898,6.885259837824145,0.0006885259837824145
2024-02-23,MSFT,buy,1.6876481356575296e-06,413.38933480000003,0.0006976557401759263,6.976557401759263e-08
2024-02-26,MSFT,buy,1.6874793877173684e-10,409.1969156,6.905113605925237e-08,6.905113605925236e-12
2024-02-27,MSFT,buy,1.6873106566509694e-14,405.750571,6.846272623905157e-12,6.846272623905157e-16
2024-02-28,MSFT,buy,165.42124186462732,405.9355895,67150.36933213957,6.715036933213957
2024-02-29,MSFT,sell,-0.016526621921263498,406.31636430000003,-6.715036933208466,0.0006715036933208465
2024-03-01,MSFT,sell,-1.6420949212391524e-06,408.93110279999996,-0.0006715036870446056,6.715036870446056e-08
2024-03-04,MSFT,sell,-1.6336391204589537e-10,411.088887,-6.715708877891302e-08,6.7157088778913024e-12
2024-03-08,MSFT,sell,-165.42125572602035,405.639432,-67101.38421342964,6.710138421342965
2024-03-11,MSFT,buy,0.016540471525432067,401.5461506,6.641762670146156,0.0006641762670146157
2024-03-12,MSFT,buy,1.6538817643660892e-06,405.3835343,0.0006704564349530451,6.704564349530451e-08
2024-03-13,MSFT,buy,1.653716392728567e-10,415.8055764,6.876244978806306e-08,6.876244978806306e-12
2024-03-14,MSFT,buy,160.52310847129186,417.9337892,67088.03097756962,6.708803097756962
2024-03-15,MSFT,sell,-0.016091911070629208,416.9053053,-6.70880309776112,0.000670880309776112
2024-03-18,MSFT,sell,-1.6287700895547524e-06,411.8938065,-0.0006708803121000528,6.708803121000528e-08
2024-03-19,MSFT,sell,-1.6147216412817897e-10,415.4544504,-6.708432920277119e-08,6.708432920277119e-12
2024-03-20,MSFT,sell,-3.4680443247871746e-14,419.6000358,-1.4551915228366852e-11,1.4551915228366853e-15
2024-04-16,MSFT,sell,-160.52306723801343,412.21277460000005,-66169.65893348388,6.616965893348388
2024-04-17,MSFT,buy,0.016050701653627847,414.96049189999997,6.660407053529554,0.0006660407053529554
2024-04-18,MSFT,buy,1.604909674393938e-06,408.3778337,0.0006554095361131688,6.554095361131688e-08
2024-04-19,MSFT,buy,1.6047491994758605e-10,401.8131773,6.44809374611027e-08,6.44809374611027e-12
2024-04-22,MSFT,buy,1.6045887406025036e-14,397.8847845,6.384414452657536e-12,6.384414452657536e-16
2024-05-09,MSFT,buy,162.02177752464743,408.3178277,66156.38023895673,6.615638023895673
2024-05-10,MSFT,sell,-0.01611263638588352,410.58693719999997,-6.615638023897191,0.000661563802389719
2024-05-13,MSFT,sell,-1.5917039810455266e-06,415.63243259999996,-0.0006615637976210564,6.615637976210564e-08
2024-05-14,MSFT,sell,-1.6151151758277688e-10,409.6770282,-6.616755854338408e-08,6.6167558543384074e-12
2024-06-05,MSFT,sell,-162.02186548294438,416.1833775,-67430.80720554246,6.743080720554246
2024-06-06,MSFT,buy,0.01620056649167767,422.44424019999997,6.843836002386353,0.0006843836002386353
2024-06-07,MSFT,buy,1.6198946596993434e-06,424.62545830000005,0.0006878485122725563,6.878485122725564e-08
2024-06-10,MSFT,buy,1.6197326864320322e-10,423.1313089,6.853596116780991e-08,6.853596116780991e-12
2024-06-11,MSFT,buy,159.03873871369268,423.90438620000003,67417.21891645007,6.741721891645008
2024-06-12,MSFT,sell,-0.015547332484570337,433.62563309999996,-6.741721891638008,0.0006741721891638008
2024-06-13,MSFT,sell,-1.5352308451620178e-06,439.1340822,-0.0006741721881553531,6.741721881553531e-08
2024-06-14,MSFT,sell,-1.5442948391158873e-10,436.56833880000005,-6.741902325302362e-08,6.741902325302362e-12
2024-07-18,MSFT,sell,-159.0390937551983,442.6107345,-70392.41010120268,7.039241010120268
2024-07-19,MSFT,buy,0.015902319143595425,431.50014569999996,6.861853027429325,0.0006861853027429325
2024-07-22,MSFT,buy,1.5900729070677687e-06,440.15801139999996,0.000699883328755966,6.99883328755966e-08
2024-07-23,MSFT,buy,1.5899139156749452e-10,442.2552211,7.031477303067897e-08,7.031477303067897e-12
2024-07-24,MSFT,buy,1.5897549401817232e-14,438.823878,6.976224279202018e-12,6.976224279202018e-16
2024-08-20,MSFT,buy,167.20953498307935,420.9000858,70378.5076209562,7.037850762095619
2024-08-21,MSFT,sell,-0.016630644989351955,423.1856772,-7.0378507620916935,0.0007037850762091694
2024-08-22,MSFT,sell,-1.6619492700479115e-06,423.4696488,-0.0007037850737106055,7.037850737106055e-08
2024-08-23,MSFT,sell,-1.691581422549074e-10,416.1053853,-7.038761395961046e-08,7.0387613959610465e-12
2024-09-04,MSFT,sell,-167.2096236383354,405.0584901,-67729.6776811334,6.77296776811334
2024-09-05,MSFT,buy,0.016719290434804978,406.84668059999996,6.802187815387735,0.0006802187815387735
2024-09-06,MSFT,buy,1.671761867292535e-06,408.2838243,0.0006825533284971053,6.825533284971054e-08
2024-09-09,MSFT,buy,1.6715947078234808e-10,406.4666426,6.794474886769382e-08,6.794474886769382e-12
2024-09-10,MSFT,buy,1.6714275650667857e-14,407.42573849999997,6.809826100465919e-12,6.809826100465919e-16
2024-09-16,MSFT,buy,157.55882680136503,429.782974,67716.10116264157,6.771610116264157
2024-09-17,MSFT,sell,-0.015414298237628792,439.3070649,-6.771610116265947,0.0006771610116265947
2024-09-18,MSFT,sell,-1.5599639945016529e-06,434.08758689999996,-0.0006771610060241073,6.771610060241073e-08
2024-09-19,MSFT,sell,-1.5381471443117307e-10,440.2999656,-6.772461347281933e-08,6.7724613472819325e-12
2024-10-04,MSFT,sell,-157.55916685969555,417.36325949999997,-65759.40744466691,6.575940744466691
2024-10-07,MSFT,buy,0.01575434125185035,415.21051689999996,6.541368174599777,0.0006541368174599777
2024-10-08,MSFT,buy,1.575276597524153e-06,410.1200079,0.0006460524506212908,6.460524506212908e-08
2024-10-09,MSFT,buy,1.5751190856162275e-10,415.0705029,6.537854709941158e-08,6.5378547099411575e-12
2024-10-10,MSFT,buy,1.574961589456874e-14,414.4374396,6.5272304860285314e-12,6.527230486028531e-16
2024-10-24,MSFT,buy,154.872995733417,424.5174475,65746.28883542858,6.574628883542858
2024-10-25,MSFT,sell,-0.015438314965890263,425.8644093,-6.574628883536207,0.0006574628883536206
2024-10-28,MSFT,sell,-1.5263215654649333e-06,430.7499207,-0.0006574628932867199,6.574628932867199e-08
2024-10-29,MSFT,sell,-1.5393397608442777e-10,427.1022855,-6.574555300176144e-08,6.574555300176143e-12
2024-11-05,MSFT,sell,-154.87304319629527,407.51324459999995,-63112.816333998235,6.311281633399823
2024-11-06,MSFT,buy,0.015485755744060225,411.6371596,6.374512508744336,0.0006374512508744336
2024-11-07,MSFT,buy,1.5484207323331329e-06,420.4800438,0.0006510800173522638,6.510800173522638e-08
2024-11-08,MSFT,buy,1.5482659057424618e-10,424.512447,6.572581482534038e-08,6.572581482534038e-12
2024-11-11,MSFT,buy,1.5481110946331293e-14,421.71316709999996,6.5285883274038474e-12,6.528588327403848e-16
2024-11-13,MSFT,buy,149.93849749572726,420.8400798,63100.12925119396,6.310012925119396
2024-11-14,MSFT,sell,-0.014878295676562335,424.10858490000004,-6.310012925110641,0.000631001292511064
2024-11-15,MSFT,sell,-1.5061885787123487e-06,418.9391019,-0.0006310012904577889,6.310012904577888e-08
2024-11-18,MSFT,sell,-1.524261883653033e-10,413.9995959,-6.310438038781285e-08,6.310438038781285e-12
2024-11-19,MSFT,sell,-149.9386115548652,412.24377150000004,-61811.25872085111,6.181125872085111
2024-11-20,MSFT,buy,0.014992361919296801,416.0786037,6.238001013546064,0.0006238001013546064
2024-11-21,MSFT,buy,1.499086283300824e-06,419.54195,0.0006289295825142802,6.289295825142802e-08
2024-11-22,MSFT,buy,1.4989363896619763e-10,411.4061365,6.166716289300922e-08,6.166716289300922e-12
2024-11-25,MSFT,buy,1.4987865110105255e-14,418.421838,6.271250067066313e-12,6.271250067066313e-16
2024-11-27,MSFT,buy,145.35857982193502,425.1475105,61798.83834111121,6.179883834111121
2024-11-29,MSFT,sell,-0.014712328035168648,420.04799099999997,-6.179883834105567,0.0006179883834105568
2024-12-02,MSFT,sell,-1.4660677723819399e-06,421.527843,-0.0006179883857839741,6.17988385783974e-08
2024-12-03,MSFT,sell,-1.4377649382577343e-10,429.797016,-6.179470801725984e-08,6.179470801725984e-12
2024-12-04,MSFT,sell,-1.6804113531883927e-14,432.986697,-7.275957614183426e-12,7.275957614183426e-16
2024-12-26,MSFT,sell,-145.35840186787507,439.036092,-63817.58469543737,6.381758469543737
2024-12-27,MSFT,buy,0.014534386748120402,434.64346,6.3172761451812,0.00063172761451812
2024-12-30,MSFT,buy,1.4532933454756895e-06,426.102606,0.0006192520817896495,6.192520817896495e-08
2024-12-31,MSFT,buy,1.4531480306701044e-10,426.14261,6.192482945061184e-08,6.192482945061184e-12
2025-01-02,MSFT,buy,1.4530027303951083e-14,425.57255299999997,6.183580814902169e-12,6.183580814902169e-16
2025-01-23,MSFT,buy,144.34050805263158,442.0442,63804.88440971908,6.3804884409719085
2025-01-24,MSFT,sell,-0.014334456271058865,445.11548400000004,-6.380488440969202,0.0006380488440969202
2025-01-27,MSFT,sell,-1.5049471768962888e-06,423.967599,-0.0006380488412105478,6.380488412105478e-08
2025-01-28,MSFT,sell,-1.46839691508011e-10,434.55654000000004,-6.381014827638865e-08,6.3810148276388645e-12
2025-01-29,MSFT,sell,-1.629023547138216e-14,446.645331,-7.275957614183426e-12,7.275957614183426e-16
2025-02-04,MSFT,sell,-144.3406061518817,412.6437315,-59561.24632948432,5.956124632948431
2025-02-05,MSFT,buy,0.014432617353466015,412.391235,5.951884894678281,0.0005951884894678281
2025-02-06,MSFT,buy,1.4431174236031198e-06,414.0414,0.0005975103584330288,5.975103584330288e-08
2025-02-07,MSFT,buy,1.4429731262907937e-10,416.521648,6.010295445823536e-08,6.010295445823536e-12
2025-02-10,MSFT,buy,1.4428288434076056e-14,413.75137099999995,5.96972412078241e-12,5.96972412078241e-16
2025-03-26,MSFT,buy,150.742741237618,395.0395,59549.33712713799,5.954933712713799
2025-03-27,MSFT,sell,-0.0152654993608384,390.090987,-5.95493371271732,0.000595493371271732
2025-03-28,MSFT,sell,-1.534613812627969e-06,388.04119199999997,-0.0005954933731118217,5.9549337311182174e-08
2025-03-31,MSFT,sell,-1.598571741009906e-10,372.4977465,-5.9546437114477164e-08,5.954643711447717e-12
2025-04-01,MSFT,sell,-150.74254845832934,374.612535,-56470.048210335095,5.6470048210335095
2025-04-02,MSFT,buy,0.015072747571085352,378.0027965,5.697540732808846,0.0005697540732808845
2025-04-03,MSFT,buy,1.5071240447045052e-06,374.82247850000005,0.0005649039698430875,5.649039698430875e-08
2025-04-04,MSFT,buy,1.5069733473698766e-10,364.1614125,5.487815427780674e-08,5.487815427780674e-12
2025-04-07,MSFT,buy,1.5068226651031352e-14,350.91508799999997,5.287668081250611e-12,5.287668081250611e-16
2025-04-16,MSFT,buy,148.29920199724012,380.708067,56458.702530011826,5.645870253001182
2025-04-17,MSFT,sell,-0.015107720227667348,373.7076255,-5.6458702529998845,0.0005645870252999884
2025-04-21,MSFT,sell,-1.5562848569342985e-06,362.7787185,-0.0005645870260195807,5.6458702601958066e-08
2025-04-22,MSFT,sell,-148.29892261298892,363.3386625,-53882.7321923944,5.38827321923944
2025-04-23,MSFT,buy,0.014828409420361675,376.097606,5.576929283785874,0.0005576929283785874
2025-04-24,MSFT,buy,1.4826926727697815e-06,375.7325695,0.0005570959277186127,5.570959277186127e-08
2025-04-25,MSFT,buy,1.4825444183291287e-10,387.0387,5.7380206436236216e-08,5.7380206436236215e-12
2025-04-28,MSFT,buy,137.43000915158441,391.9941955,53871.76587493297,5.387176587493297
2025-04-29,MSFT,sell,-0.013768758903748839,391.26087,-5.387176587501017,0.0005387176587501016
2025-04-30,MSFT,sell,-1.3804036233411032e-06,390.26097000000004,-0.0005387176570366137,5.387176570366137e-08
2025-05-01,MSFT,sell,-1.2497176551969893e-10,431.066889,-5.3871190175414085e-08,5.387119017541408e-12
2025-05-02,MSFT,sell,-1.6854322700494966e-14,431.696826,-7.275957614183425e-12,7.275957614183425e-16
2025-08-20,MSFT,sell,-137.42998201035303,509.8140135,-70063.73070393088,7.006373070393088
2025-08-21,MSFT,buy,0.013741624038620786,503.740369,6.922210763874105,0.0006922210763874105
2025-08-22,MSFT,buy,1.374025001361223e-06,504.300425,0.0006929213921470904,6.929213921470905e-08
2025-08-25,MSFT,buy,1.3738876126014115e-10,506.680663,6.961222864403704e-08,6.9612228644037034e-12
2025-08-26,MSFT,buy,1.3737502375796821e-14,504.4054355,6.9292708685460805e-12,6.929270868546081e-16
2025-09-17,MSFT,buy,137.172058390133,510.671062,70049.80073481523,7.004980073481523
2025-09-18,MSFT,sell,-0.013696613113744574,511.438851,-7.004980073485058,0.0007004980073485057
2025-09-19,MSFT,sell,-1.3721562032794588e-06,510.508944,-0.0007004980143392459,7.004980143392459e-08
2025-09-22,MSFT,sell,-1.3585479262860565e-10,515.538441,-7.003836799412966e-08,7.003836799412966e-12
2025-09-23,MSFT,sell,-2.8324971906234712e-14,513.74862,-1.4551915228366852e-11,1.4551915228366853e-15
2025-10-16,MSFT,sell,-137.1720776124884,512.5287420000001,-70304.63237625506,7.030463237625506
2025-10-17,MSFT,buy,0.013715836177614214,509.090904,6.982607438777525,0.0006982607438777525
2025-10-20,MSFT,buy,1.3714464731144564e-06,514.661461,0.0007058306455363834,7.058306455363835e-08
2025-10-21,MSFT,buy,1.3713093421811924e-10,517.55175,7.097235498372249e-08,7.097235498372249e-12
2025-10-22,MSFT,buy,1.3711722249578934e-14,521.2021149999999,7.146578636773098e-12,7.146578636773098e-16
2025-10-24,MSFT,buy,134.4394298712513,522.842279,70290.6179013457,7.02906179013457
2025-10-27,MSFT,sell,-0.013219310178288712,531.726822,-7.02906179013371,0.000702906179013371
2025-10-28,MSFT,sell,-1.2781390533354386e-06,549.945,-0.0007029061816865578,7.029061816865578e-08
2025-10-29,MSFT,sell,-1.289917786013047e-10,544.8855060000001,-7.02857505530119e-08,7.028575055301189e-12
2025-10-30,MSFT,sell,-2.7434343548151473e-14,530.426952,-1.4551915228366852e-11,1.4551915228366853e-15
2025-11-06,MSFT,sell,-134.43965324812976,505.609434,-67973.95698594315,6.797395698594315
2025-11-07,MSFT,buy,0.013442621062718787,496.9946945,6.680911348345188,0.0006680911348345189
2025-11-10,MSFT,buy,1.34412769350171e-06,500.0850035,0.0006721781023092497,6.721781023092496e-08
2025-11-11,MSFT,buy,1.3439932941724284e-10,504.85048,6.785156596797317e-08,6.785156596797317e-12
2025-11-12,MSFT,buy,1.3438589082829705e-14,509.4059355,6.845697043538953e-12,6.845697043538953e-16
2025-12-24,MSFT,buy,139.9145156693602,485.728568,67960.4773384919,6.796047733849189
2025-12-26,MSFT,sell,-0.013964778267307553,486.65632949999997,-6.796047733849264,0.0006796047733849264
2025-12-29,MSFT,sell,-1.401806178402885e-06,484.80651450000005,-0.0006796047673560679,6.79604767356068e-08
2025-12-30,MSFT,sell,-1.39894210917401e-10,485.881407,-6.797199603170156e-08,6.797199603170157e-12
2018-01-31,SPY,buy,132.43585953494474,251.6941669,33333.333333333336,3.3333333333333335
2018-02-01,SPY,sell,-0.013324167356146393,250.1719803,-3.3333333333357587,0.00033333333333357586
2018-02-02,SPY,sell,-1.3371250398285968e-06,249.2910684,-0.00033333332976326346,3.3333332976326344e-08
2018-02-05,SPY,sell,-1.36962068228399e-10,243.4136562,-3.333843778818846e-08,3.3338437788188457e-12
2018-02-06,SPY,sell,-132.43577760808736,231.36586110000002,-30641.117726743232,3.064111772674323
2018-02-07,SPY,buy,0.013242253535436004,239.03190080000002,3.1653210334507884,0.0003165321033450788
2018-02-08,SPY,buy,1.3240929442508913e-06,238.59185680000002,0.00031591779414459907,3.1591779414459906e-08
2018-02-09,SPY,buy,1.323960548195099e-10,232.18921659999998,3.0740936249472653e-08,3.074093624947265e-12
2018-02-12,SPY,buy,1.3238281653771601e-14,234.8684845,3.10925514940549e-12,3.10925514940549e-16
2018-02-27,SPY,buy,123.73745017865514,247.5797555,30634.88766142487,3.0634887661424868
2018-02-28,SPY,sell,-0.012485258934273307,245.3684607,-3.063488766143564,0.0003063488766143564
2018-03-01,SPY,sell,-1.2681691222045197e-06,241.56784080000003,-0.0003063488766201772,3.063488766201772e-08
2018-03-02,SPY,sell,-1.2948719595145512e-10,236.5903386,-3.0635419534519315e-08,3.0635419534519313e-12
2018-03-05,SPY,sell,-1.5266755517232642e-14,238.2941682,-3.637978807091713e-12,3.637978807091713e-16
2018-03-22,SPY,sell,-123.73733738516074,239.4240552,-29625.69509640575,2.962569509640575
2018-03-23,SPY,buy,0.012372496488864806,236.1116088,2.9212900508582207,0.0002921290050858221
2018-03-26,SPY,buy,1.2371259362924225e-06,234.3014278,0.00028986037324172645,2.8986037324172645e-08
2018-03-27,SPY,buy,1.237002236069649e-10,237.9117888,2.9429741473293006e-08,2.9429741473293007e-12
2018-03-28,SPY,buy,1.2368785482153408e-14,233.05030269999997,2.882549200647217e-12,2.882549200647217e-16
2018-04-17,SPY,buy,123.04823559430669,240.71706930000002,29619.810654797453,2.9619810654797454
2018-04-18,SPY,sell,-0.012244103966807942,241.9108065,-2.9619810654803587,0.00029619810654803587
2018-04-19,SPY,sell,-1.2291709096763673e-06,240.9739002,-0.0002961981081170961,2.9619810811709614e-08
2018-04-20,SPY,sell,-1.2328616387492285e-10,240.2279748,-2.9616785468533635e-08,2.9616785468533637e-12
2018-04-23,SPY,sell,-1.5233006377983507e-14,238.8221154,-3.637978807091713e-12,3.637978807091713e-16
2018-05-01,SPY,sell,-123.04829509055475,235.806417,-29015.577583262406,2.9015577583262404
2018-05-02,SPY,buy,0.012303599149147727,236.6376614,2.9114949294573482,0.00029114949294573484
2018-05-03,SPY,buy,1.2302368912260909e-06,234.4294406,0.0002884037462156155,2.884037462156155e-08
2018-05-04,SPY,buy,1.2301138798368704e-10,233.7683745,2.875617221393535e-08,2.875617221393535e-12
2018-05-07,SPY,buy,1.2299908807478691e-14,238.553853,2.934190637572677e-12,2.9341906375726774e-16
2018-05-10,SPY,buy,120.05555711072842,241.6361612,29009.763950963777,2.900976395096378
2018-05-11,SPY,sell,-0.01192670548038871,243.23367420000002,-2.9009763950962224,0.00029009763950962224
2018-05-14,SPY,sell,-1.1876272655496018e-06,244.2665709,-0.00029009763966314495,2.9009763966314496e-08
2018-05-15,SPY,sell,-1.1953370148930841e-10,242.68672890000002,-2.900924300774932e-08,2.900924300774932e-12
2018-05-16,SPY,sell,-1.5015859023342337e-14,242.27577000000002,-3.637978807091713e-12,3.637978807091713e-16
2018-06-26,SPY,sell,-120.05563478097932,243.855612,-29276.2402935642,2.9276240293564197
2018-06-27,SPY,buy,0.012004363041794044,244.4474423,2.9344358420072023,0.00029344358420072025
2018-06-28,SPY,buy,1.2003162725528416e-06,241.7881764,0.00029022228264379696,2.9022228264379695e-08
2018-06-29,SPY,buy,1.2001962529282762e-10,244.32443,2.9323726538483693e-08,2.9323726538483692e-12
2018-07-02,SPY,buy,1.2000762453029411e-14,241.9891965,2.904054863395956e-12,2.904054863395956e-16
2018-07-11,SPY,buy,117.63066663804271,248.8328808,29270.377649968617,2.9270377649968617
2018-07-12,SPY,sell,-0.01171625801692714,249.8270148,-2.9270377649954753,0.00029270377649954756
2018-07-13,SPY,sell,-1.167998181400415e-06,250.60293719999999,-0.00029270377490320243,2.9270377490320243e-08
2018-07-16,SPY,sell,-1.1661178100752935e-10,251.01389609999998,-2.9271177481859922e-08,2.927117748185992e-12
2018-07-17,SPY,sell,-1.4553719854699906e-14,249.96900060000002,-3.637978807091713e-12,3.637978807091713e-16
2018-10-09,SPY,sell,-117.63071228313927,259.16608080000003,-30485.89068413363,3.0485890684133627
2018-10-10,SPY,buy,0.01176189503879779,258.6828657,3.0426007146988248,0.00030426007146988247
2018-10-11,SPY,buy,1.1760718966902353e-06,249.9069882,0.0002939085856085182,2.9390858560851824e-08
2018-10-12,SPY,buy,1.175954301259072e-10,249.6389614,2.9356401042017745e-08,2.9356401042017744e-12
2018-10-15,SPY,buy,1.1758367175866125e-14,248.5178493,2.9221641218259643e-12,2.9221641218259644e-16
2018-11-08,SPY,buy,120.63550664397651,252.66026349999999,30479.798896123106,3.0479798896123107
2018-11-09,SPY,sell,-0.01211405829975515,251.6068368,-3.0479798896121792,0.0003047979889612179
2018-11-12,SPY,sell,-1.2194309490187504e-06,249.9510024,-0.00030479798806481995,3.0479798806481993e-08
2018-11-13,SPY,sell,-1.2376933116756592e-10,246.2563719,-3.047898644581437e-08,3.047898644581437e-12
2018-11-14,SPY,sell,-1.4715892886461475e-14,247.2142761,-3.637978807091713e-12,3.637978807091713e-16
2018-11-19,SPY,sell,-120.63545491161321,246.2273748,-29703.751370690286,2.970375137069029
2018-11-20,SPY,buy,0.012062339257247775,239.3379314,2.886975325674695,0.0002886975325674695
2018-11-21,SPY,buy,1.2061133143929617e-06,239.77797539999997,0.000289199408628128,2.8919940862812798e-08
2018-11-23,SPY,buy,1.2059927151209963e-10,237.383736,2.862830563042058e-08,2.862830563042058e-12
2018-11-26,SPY,buy,1.2058721279066155e-14,239.7109687,2.890607759088251e-12,2.890607759088251e-16
2018-12-04,SPY,buy,118.29280262391221,251.0541029,29697.893442273045,2.9697893442273045
2018-12-06,SPY,sell,-0.012385061435054683,239.7880188,-2.9697893442280474,0.00029697893442280475
2018-12-07,SPY,sell,-1.2222124927388888e-06,242.9846991,-0.00029697893478441983,2.9697893478441982e-08
2018-12-10,SPY,sell,-1.2503806312314353e-10,237.50224740000002,-2.9696821002289653e-08,2.9696821002289654e-12
2018-12-11,SPY,sell,-118.29224556469609,241.365861,-28551.709700346302,2.85517097003463
2018-12-12,SPY,buy,0.011828041752289395,241.2331209,2.8533154260402753,0.0002853315426040275
2018-12-13,SPY,buy,1.1826859066380939e-06,240.38003559999999,0.00028429408034128325,2.8429408034128324e-08
2018-12-14,SPY,buy,1.1825676498730996e-10,237.1857162,2.8048815499010197e-08,2.8048815499010196e-12
2018-12-17,SPY,buy,1.182449404932021e-14,233.9573934,2.7664278060527672e-12,2.7664278060527674e-16
2019-01-10,SPY,buy,122.78153545876756,232.4942471,28546.00064426812,2.854600064426812
2019-01-11,SPY,sell,-0.012213152886495078,233.7316245,-2.854600064427359,0.0002854600064427359
2019-01-14,SPY,sell,-1.2253411348315668e-06,232.9637013,-0.00028546000612550415,2.8546000612550414e-08
2019-01-15,SPY,sell,-1.220725109104719e-10,233.8546122,-2.8547219699248675e-08,2.8547219699248674e-12
2019-01-16,SPY,sell,-1.5377350515442887e-14,236.5803396,-3.637978807091713e-12,3.637978807091713e-16
2019-03-12,SPY,sell,-122.78159924034189,253.09968750000002,-31075.98439848077,3.107598439848077
2019-03-13,SPY,buy,0.01227693223081383,254.4594434,3.123981342112408,0.0003123981342112408
2019-03-14,SPY,buy,1.2275704660359785e-06,255.25652309999998,0.0003133453690205905,3.1334536902059046e-08
2019-03-15,SPY,buy,121.54732535073785,255.6185593,31069.752192923974,3.1069752192923974
2019-03-18,SPY,sell,-0.012113561292750452,256.4873487,-3.106975219292508,0.0003106975219292508
2019-03-19,SPY,sell,-1.2029150547318607e-06,258.2871687,-0.00031069752367329784,3.106975236732978e-08
2019-03-20,SPY,sell,-1.2086858791128788e-10,257.04229319999996,-3.106833901256323e-08,3.1068339012563228e-12
2019-03-21,SPY,sell,-1.423000786666138e-14,255.65543190000002,-3.637978807091713e-12,3.637978807091713e-16
2019-05-09,SPY,sell,-121.54736532281869,259.8370137,-31582.504428584147,3.1582504428584146
2019-05-10,SPY,buy,0.012153521180163147,260.2610235,3.1630878614781888,0.0003163087861478189
2019-05-13,SPY,buy,1.2152305949563962e-06,257.33173059999996,0.000312717392078197,3.12717392078197e-08
2019-05-14,SPY,buy,1.2151090840459113e-10,256.9406915,3.122109683026881e-08,3.1221096830268812e-12
2019-05-15,SPY,buy,1.2149875852888221e-14,256.575655,3.117362355123479e-12,3.117362355123479e-16
2019-06-11,SPY,buy,119.08597039420684,265.15451279999996,31576.182461191132,3.1576182461191133
2019-06-12,SPY,sell,-0.012008540918575934,262.9477026,-3.157618246117636,0.0003157618246117636
2019-06-13,SPY,sell,-1.19772511802522e-06,263.6346339,-0.00031576182300341316,3.1576182300341316e-08
2019-06-14,SPY,sell,-1.1983309602705001e-10,263.51364600000005,-3.157765604555607e-08,3.157765604555607e-12
2019-06-17,SPY,sell,-1.379309516019353e-14,263.75362199999995,-3.637978807091713e-12,3.637978807091713e-16
2019-08-05,SPY,sell,-119.08586924236754,263.723625,-31405.757122873172,3.1405757122873172
2019-08-06,SPY,buy,0.011907396184617003,261.7751749,3.1170607188317088,0.0003117060718831709
2019-08-07,SPY,buy,1.190620556406193e-06,260.40703809999997,0.00031004597259471066,3.1004597259471066e-08
2019-08-08,SPY,buy,1.1905015062538283e-10,265.1935167,3.157132810800997e-08,3.157132810800997e-12
2019-08-09,SPY,buy,1.1903824680067299e-14,267.9007874,3.1890440048615826e-12,3.1890440048615827e-16
2019-09-03,SPY,buy,118.02388279209433,266.0436017,31399.49886462743,3.139949886462743
2019-09-04,SPY,sell,-0.011701117149841027,268.3461627,-3.1399498864630004,0.00031399498864630003
2019-09-05,SPY,sell,-1.1556474405041586e-06,271.70482680000003,-0.00031399498766404577,3.139949876640458e-08
2019-09-06,SPY,sell,-1.1504150808538151e-10,272.93970329999996,-3.1399395084008574e-08,3.1399395084008574e-12
2019-09-09,SPY,sell,-1.3284683309377812e-14,273.8476125,-3.637978807091713e-12,3.637978807091713e-16
2019-09-30,SPY,sell,-118.02398291747375,272.1747798,-32123.151561682378,3.2123151561682377
2019-10-01,SPY,buy,0.011801218169932235,273.87438469999995,3.2320513650006504,0.000323205136500065
2019-10-02,SPY,buy,1.1800038166105276e-06,268.1308104,0.0003163953796228737,3.163953796228737e-08
2019-10-03,SPY,buy,1.1798858280256467e-10,264.7334707,3.123552702829728e-08,3.1235527028297282e-12
2019-10-04,SPY,buy,1.179767851239931e-14,267.8047778,3.159474672568932e-12,3.159474672568932e-16
2019-10-16,SPY,buy,117.01846805199565,274.45844309999995,32116.70655549781,3.211670655549781
2019-10-17,SPY,sell,-0.011653865721639158,275.5884384,-3.211670655549824,0.0003211670655549824
2019-10-18,SPY,sell,-1.1691576960036927e-06,274.6995273,-0.0003211670664313715,3.211670664313715e-08
2019-10-21,SPY,sell,-1.166366674215878e-10,275.35146210000005,-3.211607690900564e-08,3.2116076909005643e-12
2019-10-22,SPY,sell,-1.3160514366889297e-14,276.4313541,-3.637978807091713e-12,3.637978807091713e-16
2020-01-31,SPY,sell,-117.01851486848649,302.19477750000004,-35362.384064062724,3.5362384064062726
2020-02-03,SPY,buy,0.011700681418691579,298.8848855,3.4971568260976102,0.00034971568260976104
2020-02-04,SPY,buy,1.1699511467541986e-06,303.260323,0.0003547997626588987,3.547997626588987e-08
2020-02-05,SPY,buy,1.1698341633385141e-10,307.1267096,3.5928731736382685e-08,3.5928731736382685e-12
2020-02-06,SPY,buy,1.1697171916201115e-14,308.64886179999996,3.6103187982143986e-12,3.610318798214399e-16
2020-02-10,SPY,buy,115.47635153562625,306.1696139,35355.34996424336,3.535534996424336
2020-02-11,SPY,sell,-0.011381017259655235,310.6519317,-3.535534996422939,0.0003535534996422939
2020-02-12,SPY,sell,-1.135751137461337e-06,311.29486740000004,-0.0003535534997354261,3.535534997354261e-08
2020-02-13,SPY,sell,-1.1390699209646763e-10,310.3749594,-3.5353878047317266e-08,3.5353878047317266e-12
2020-02-14,SPY,sell,-2.3325924030272435e-14,311.9258043,-7.275957614183426e-12,7.275957614183426e-16
2020-02-26,SPY,sell,-115.47651703420495,290.3559615,-33529.295134137705,3.3529295134137707
2020-02-27,SPY,buy,0.011546497053704285,282.3552327,3.2602138624685377,0.0003260213862468538
2020-02-28,SPY,buy,1.1545342519456443e-06,266.8586832,0.00030809749018351163,3.0809749018351166e-08
2020-03-02,SPY,buy,1.1544188100639837e-10,275.6435616,3.182081123840704e-08,3.182081123840704e-12
2020-03-03,SPY,buy,1.1543033797266654e-14,286.0876059,3.3023189038828033e-12,3.3023189038828034e-16
2020-04-06,SPY,buy,139.82992062923867,239.7389715,33522.68135658031,3.352268135658031
2020-04-07,SPY,sell,-0.013150403800045191,254.91750570000002,-3.352268135655322,0.0003352268135655322
2020-04-08,SPY,sell,-1.345751475983979e-06,249.1000875,-0.00033522681042086333,3.352268104208633e-08
2020-04-09,SPY,sell,-1.2992721411502664e-10,258.0491925,-3.3527612686157227e-08,3.3527612686157226e-12
2020-06-18,SPY,sell,-139.83075195475269,288.1831788,-40296.87059231495,4.029687059231494
2020-06-19,SPY,buy,137.33012020251869,293.4013372,40292.84090525572,4.029284090525572
2020-06-22,SPY,sell,-0.014011526711694582,287.5692402,-4.0292840905240155,0.00040292840905240153
2020-06-23,SPY,sell,-1.376536620802826e-06,292.7117259,-0.000402928410039749,4.02928410039749e-08
2020-06-24,SPY,sell,-1.3928042212979338e-10,289.3030668,-4.029425326734781e-08,4.029425326734781e-12
2020-06-25,SPY,sell,-137.3158558095166,283.3606611,-38909.911681696896,3.89099116816969
2020-06-26,SPY,buy,0.013730212559700139,285.9345906,3.925942707108837,0.0003925942707108837
2020-06-29,SPY,buy,1.3728839675714082e-06,281.49314649999997,0.00038645742781107963,3.864574278110796e-08
2020-06-30,SPY,buy,1.3727466929024745e-10,283.8963868,3.8971782610666176e-08,3.897178261066618e-12
2020-07-01,SPY,buy,1.3726094319620531e-14,289.1029074,3.96825377504892e-12,3.9682537750489205e-16
2020-07-07,SPY,buy,132.07815091653382,294.5384509,38902.09396869229,3.8902093968692286
2020-07-08,SPY,sell,-0.013243508468133557,293.7446226,-3.890209396871796,0.0003890209396871796
2020-07-09,SPY,sell,-1.3149333404777545e-06,295.8484122,-0.0003890209409291856,3.890209409291856e-08
2020-07-10,SPY,sell,-1.3254408755613956e-10,293.4666504,-3.8897269405424595e-08,3.889726940542459e-12
2020-07-13,SPY,sell,-2.4341543256735265e-14,298.9111059,-7.275957614183425e-12,7.275957614183425e-16
2020-09-11,SPY,sell,-132.07811390439025,313.55364149999997,-41413.573577173345,4.141357357717334
2020-09-14,SPY,buy,0.01320649074138421,315.17451429999994,4.1623493050232145,0.00041623493050232143
2020-09-15,SPY,buy,1.3205170224333086e-06,318.5768545,0.00042068615932050945,4.2068615932050945e-08
2020-09-16,SPY,buy,1.3203849839353641e-10,318.93689049999995,4.211194810392374e-08,4.211194810392374e-12
2020-09-17,SPY,buy,1.3202529586382316e-14,311.521149,4.112867186456313e-12,4.1128671864563136e-16
2020-10-05,SPY,buy,131.40337170782672,315.1005069,41405.26903350532,4.140526903350532
2020-10-06,SPY,sell,-0.012994244912345965,318.64313250000004,-4.140526903342106,0.0004140526903342106
2020-10-07,SPY,sell,-1.306282283800561e-06,316.9702998,-0.0004140526871196925,4.140526871196925e-08
2020-10-08,SPY,sell,-1.2883436344094186e-10,321.4008567,-4.140747478231788e-08,4.140747478231788e-12
2020-10-09,SPY,sell,-2.246022230535648e-14,323.94860189999997,-7.275957614183426e-12,7.275957614183426e-16
2020-10-28,SPY,sell,-131.40351650815407,311.33486339999996,-40910.495862345786,4.091049586234579
2020-10-29,SPY,buy,0.01313903774705812,306.5336503,4.027557202035213,0.0004027557202035213
2020-10-30,SPY,buy,1.3137723974674177e-06,307.80677760000003,0.0004043880481642723,4.043880481642723e-08
2020-11-02,SPY,buy,1.313641033366319e-10,309.61695860000003,4.0672554144304086e-08,4.067255414430409e-12
2020-11-03,SPY,buy,1.3135096823997039e-14,312.8682837,4.109555199557274e-12,4.1095551995572744e-16
2020-11-09,SPY,buy,119.84986379231012,341.28012459999997,40902.37644833262,4.0902376448332625
2020-11-10,SPY,sell,-0.012343309141978948,331.3728594,-4.0902376448357245,0.0004090237644835724
2020-11-11,SPY,sell,-1.2242496893845112e-06,334.1015865,-0.0004090237634954974,4.0902376349549744e-08
2020-11-12,SPY,sell,-1.2271213055272142e-10,333.3446622,-4.090543370693923e-08,4.090543370693923e-12
2021-02-02,SPY,sell,-119.84950420921666,357.42525390000003,-42837.239471768386,4.2837239471768385
2021-02-03,SPY,buy,0.011983752045719607,360.11800819999996,4.31556491746722,0.000431556491746722
2021-02-04,SPY,buy,1.1982553790334998e-06,360.6170581,0.00043211132963956114,4.3211132963956116e-08
2021-02-05,SPY,buy,1.1981355654756685e-10,365.5455509,4.379731253346863e-08,4.379731253346863e-12
2021-02-08,SPY,buy,116.8426682913309,366.5496513,42828.639319148904,4.28286393191489
2021-02-09,SPY,sell,-0.011676250173478217,366.80131620000003,-4.2828639319122885,0.00042828639319122887
2021-02-10,SPY,sell,-1.1601738612778506e-06,369.15708060000003,-0.00042828639561776077,4.282863956177608e-08
2021-02-11,SPY,sell,-1.1627083053688296e-10,368.33216310000006,-4.2826286517083645e-08,4.2826286517083646e-12
2021-02-12,SPY,sell,-1.9823807258360025e-14,367.0312932,-7.275957614183426e-12,7.275957614183426e-16
2021-03-01,SPY,sell,-116.8426751483821,363.0126951,-42415.37440830797,4.241537440830797
2021-03-02,SPY,buy,0.01168309920493136,367.0747038,4.288570180116195,0.0004288570180116195
2021-03-03,SPY,buy,1.1681931011829726e-06,363.2773241,0.00042437806382983085,4.2437806382983085e-08
2021-03-04,SPY,buy,1.168076293552343e-10,358.96989340000005,4.193042225795517e-08,4.193042225795517e-12
2021-03-05,SPY,buy,1.1679594976034642e-14,358.2608225,4.1843413025810384e-12,4.184341302581038e-16
2021-03-15,SPY,buy,114.20684495231043,371.31612789999997,42406.843447367566,4.240684344736756
2021-03-16,SPY,sell,-0.011343987266985848,373.8266136,-4.240684344738838,0.00042406843447388384
2021-03-17,SPY,sell,-1.1417126241005397e-06,371.4318531,-0.0004240684356773272,4.2406843567732724e-08
2021-03-18,SPY,sell,-1.1417880962259578e-10,371.3848578,-4.2404280975461006e-08,4.2404280975461005e-12
2021-03-19,SPY,sell,-1.9757870181381937e-14,368.2561707,-7.275957614183426e-12,7.275957614183426e-16
2021-05-13,SPY,sell,-114.20692051526814,384.49754640000003,-43912.280720020426,4.3912280720020425
2021-05-14,SPY,buy,0.011419550096506208,390.3750336,4.457907252620494,0.0004457907252620494
2021-05-17,SPY,buy,1.141840825566572e-06,392.4322393,0.00044809515210125057,4.4809515210125055e-08
2021-05-18,SPY,buy,1.141726652901751e-10,392.8152776,4.484876721029202e-08,4.484876721029202e-12
2021-05-19,SPY,buy,1.1416124916519724e-14,384.43143929999997,4.38871733288627e-12,4.3887173328862696e-16
2021-05-27,SPY,buy,110.60200243541757,396.94969100000003,43903.430690720255,4.390343069072025
2021-05-28,SPY,sell,-0.011041326300543454,397.6282332,-4.390343069069786,0.0004390343069069786
2021-06-01,SPY,sell,-1.0999752413374252e-06,399.1310829,-0.0004390343092381954,4.390343092381954e-08
2021-06-02,SPY,sell,-1.1056931936188601e-10,397.0642896,-4.390312824398279e-08,4.3903128243982795e-12
2021-06-23,SPY,sell,-110.60202021105233,401.0338926,-44355.15869466219,4.435515869466219
2021-06-24,SPY,buy,110.12704422570044,402.7232683,44350.72317879272,4.435072317879272
2021-06-25,SPY,sell,-0.01098854665678963,403.6086351,-4.435072317879531,0.0004435072317879531
2021-06-28,SPY,sell,-1.09563277091017e-06,404.7955164,-0.00044350723328534514,4.435072332853451e-08
2021-06-29,SPY,sell,-1.0937054559788859e-10,405.4744485,-4.434696165844798e-08,4.434696165844798e-12
2021-06-30,SPY,sell,-1.797276005738021e-14,404.8325127,-7.275957614183426e-12,7.275957614183426e-16
2021-07-23,SPY,sell,-110.11600598187857,414.6145344,-45655.696550164204,4.565569655016421
2021-07-26,SPY,buy,109.63508183950233,416.391635,45651.13098050919,4.565113098050919
2021-07-27,SPY,sell,-0.010950893004087742,416.87130870000004,-4.565113098047732,0.0004565113098047732
2021-07-28,SPY,sell,-1.0956622179756557e-06,416.6533305,-0.0004565113122225739,4.565113122225739e-08
2021-07-29,SPY,sell,-1.0952700745567282e-10,416.7863172,-4.5649358071386814e-08,4.564935807138681e-12
2021-07-30,SPY,sell,-1.753299845483123e-14,414.98649720000003,-7.275957614183425e-12,7.275957614183425e-16
2021-09-15,SPY,sell,-109.62408065819415,421.34286149999997,-46189.32383383032,4.618932383383032
2021-09-16,SPY,buy,0.010961311934642906,423.982394,4.647403275430671,0.0004647403275430671
2021-09-17,SPY,buy,1.096021591305725e-06,423.062302,0.00046368541745950314,4.636854174595031e-08
2021-09-20,SPY,buy,1.0959120001049505e-10,413.5103469,4.531709513352709e-08,4.531709513352709e-12
2021-09-21,SPY,buy,1.095802419862284e-14,415.08850470000004,4.548549879072771e-12,4.548549879072771e-16
2021-10-15,SPY,buy,109.19845202349605,422.9002858,46180.056569654065,4.618005656965407
2021-10-18,SPY,sell,-0.010941124570536911,422.077788,-4.6180056569646695,0.00046180056569646694
2021-10-19,SPY,sell,-1.0820669815752058e-06,426.7763181,-0.00046180056233424693,4.6180056233424696e-08
2021-10-20,SPY,sell,-1.0767896084159132e-10,428.8721085,-4.6180502977222204e-08,4.618050297722221e-12
2021-10-21,SPY,sell,-1.6941159188390247e-14,429.4840473,-7.275957614183426e-12,7.275957614183426e-16
2021-11-30,SPY,sell,-109.19842965971681,439.216074,-47961.70556210597,4.796170556210597
2021-12-01,SPY,buy,0.010918751090866503,438.9628919,4.7929265547830395,0.00047929265547830394
2021-12-02,SPY,buy,1.091765932494315e-06,428.5868544,0.00046791652674882123,4.6791652674882125e-08
2021-12-03,SPY,buy,1.0916567668176169e-10,436.6166573,4.766355284468334e-08,4.7663552844683346e-12
2021-12-06,SPY,buy,1.0915476120574194e-14,433.7263683,4.734329816042018e-12,4.734329816042018e-16
2021-12-13,SPY,buy,107.25438220845146,447.0877043,47952.11551769132,4.795211551769133
2021-12-14,SPY,sell,-0.010891970676275186,440.2519704,-4.795211551769171,0.0004795211551769171
2021-12-15,SPY,sell,-1.0884159169859016e-06,440.56793880000004,-0.0004795211571035906,4.7952115710359064e-08
2021-12-16,SPY,sell,-1.0672618584206538e-10,449.2670688,-4.794856067746878e-08,4.794856067746878e-12
2021-12-17,SPY,sell,-1.6523575629139467e-14,440.3379618,-7.275957614183426e-12,7.275957614183426e-16
2022-01-11,SPY,sell,-107.25421457070962,443.8396116,-47603.66893752682,4.760366893752682
2022-01-12,SPY,buy,0.010724349022179334,450.0079963,4.826042815092786,0.00048260428150927865
2022-01-13,SPY,buy,1.0723276694509912e-06,450.5730528,0.00048316195162644243,4.831619516264424e-08
2022-01-14,SPY,buy,1.0722204474064453e-10,440.0830039,4.718659953376304e-08,4.718659953376304e-12
2022-01-18,SPY,buy,1.0721132360820917e-14,438.69386499999996,4.703294992545102e-12,4.703294992545103e-16
2022-02-09,SPY,buy,109.5662244578438,434.3864343,47594.08156195622,4.759408156195622
2022-02-10,SPY,sell,-0.011053072630701804,430.5959361,-4.759408156198333,0.0004759408156198333
2022-02-11,SPY,sell,-1.1100709139754472e-06,428.7481209,-0.0004759408184327185,4.7594081843271855e-08
2022-02-14,SPY,sell,-1.13396448342102e-10,419.6960262,-4.759203875437379e-08,4.759203875437379e-12
2022-02-15,SPY,sell,-1.7187288090755493e-14,423.3336624,-7.275957614183426e-12,7.275957614183426e-16
2022-02-17,SPY,sell,-109.56612688771753,422.84471130000003,-46329.45729209609,4.6329457292096095
2022-02-18,SPY,buy,0.010955517137044879,417.30972679999996,4.571843863412916,0.00045718438634129155
2022-02-22,SPY,buy,1.0954421694868558e-06,412.1222081,0.0004514560457347775,4.5145604573477746e-08
2022-02-23,SPY,buy,1.0953326362239244e-10,412.861282,4.522204364078491e-08,4.522204364078491e-12
2022-02-24,SPY,buy,1.0952231139118837e-14,392.2032164,4.295500279518643e-12,4.295500279518643e-16
2022-03-21,SPY,buy,108.9061795329418,425.322528,46320.251593772664,4.6320251593772666
2022-03-22,SPY,sell,-0.01085568154452106,426.69132659999997,-4.632025159378827,0.0004632025159378827
2022-03-23,SPY,sell,-1.0830175423781246e-06,427.6962261,-0.0004632025156752207,4.632025156752207e-08
2022-03-24,SPY,sell,-1.0853395775577579e-10,426.767319,-4.631874617189169e-08,4.631874617189169e-12
2022-03-25,SPY,sell,-1.685170755154895e-14,431.7638193,-7.275957614183426e-12,7.275957614183426e-16
2022-04-12,SPY,sell,-108.90621338961016,424.0315926,-46179.67510763184,4.617967510763184
2022-04-13,SPY,buy,0.010889532385720224,419.28092389999995,4.565773199523746,0.0004565773199523746
2022-04-14,SPY,buy,1.0888443541357807e-06,424.5634521,0.00046228351779148196,4.62283517791482e-08
2022-04-18,SPY,buy,1.0887354805871594e-10,418.1158074,4.552175145107272e-08,4.552175145107272e-12
2022-04-19,SPY,buy,1.0886266179241913e-14,419.11990779999996,4.5626508773301285e-12,4.562650877330129e-16
2022-06-01,SPY,buy,116.18089767160146,397.4017362,46170.49044796896,4.617049044796896
2022-06-02,SPY,sell,-0.011783632836073438,391.8188142,-4.6170490447984776,0.00046170490447984775
2022-06-03,SPY,sell,-1.1698489534785944e-06,394.670529,-0.0004617049053194932,4.6170490531949323e-08
2022-06-06,SPY,sell,-1.1631523151813432e-10,396.96629939999997,-4.617322701960802e-08,4.6173227019608025e-12
2022-06-14,SPY,sell,-116.18073094189431,360.6469317,-41900.22413685743,4.190022413685743
2022-06-15,SPY,buy,0.011616911403057406,361.2081172,4.196122695577576,0.0004196122695577576
2022-06-16,SPY,buy,1.161574982807687e-06,354.6504615,0.00041195310371960073,4.119531037196007e-08
2022-06-17,SPY,buy,1.1614588369238029e-10,351.3811346,4.081147239094822e-08,4.081147239094822e-12
2022-06-21,SPY,buy,1.1613427026533723e-14,357.5147479,4.1519714356462504e-12,4.1519714356462503e-16
2022-07-08,SPY,buy,112.52165376430443,372.30022629999996,41891.83716010078,4.189183716010078
2022-07-11,SPY,sell,-0.011295896090211324,370.8589104,-4.189183716007392,0.00041891837160073917
2022-07-12,SPY,sell,-1.1360648585394073e-06,368.7451218,-0.0004189183746348135,4.1891837463481354e-08
2022-07-13,SPY,sell,-1.161839811755751e-10,360.5289435,-4.188768798485398e-08,4.188768798485398e-12
2022-07-14,SPY,sell,-2.0261868289964962e-14,359.0960868,-7.275957614183426e-12,7.275957614183426e-16
2022-07-19,SPY,sell,-112.52160889292244,371.0808882,-41754.61856967868,4.175461856967868
2022-07-20,SPY,buy,110.65649281920588,377.297726,41750.44310782171,4.175044310782171
2022-07-21,SPY,sell,-0.011020422759913134,378.84611160000003,-4.175044310781232,0.00041750443107812314
2022-07-22,SPY,sell,-1.088888270604325e-06,383.4226539,-0.0004175044305156917,4.175044305156917e-08
2022-07-25,SPY,sell,-1.0975894596437473e-10,380.37395879999997,-4.17494447901845e-08,4.17494447901845e-12
2022-07-26,SPY,sell,-1.9221149944956237e-14,378.5391423,-7.275957614183426e-12,7.275957614183426e-16
2022-08-26,SPY,sell,-110.64528367492613,403.0966863,-44600.74720408621,4.460074720408621
2022-08-29,SPY,buy,0.011063422025295854,386.6336595,4.277491344233038,0.0004277491344233038
2022-08-30,SPY,buy,1.106231579371247e-06,388.23982010000003,0.0004294831493640318,4.2948314936403184e-08
2022-08-31,SPY,buy,1.1061209672756356e-10,384.47044320000003,4.2527081852127636e-08,4.252708185212764e-12
2022-09-01,SPY,buy,1.1060103662399946e-14,377.7017664,4.177420689855569e-12,4.1774206898555686e-16
2022-10-21,SPY,buy,126.5200119906963,352.4502415,44592.00878070381,4.459200878070381
2022-10-24,SPY,sell,-0.012291962301898031,362.773719,-4.4592008780673495,0.00044592008780673496
2022-10-25,SPY,sell,-1.219785844488627e-06,365.5724391,-0.00044592008634936064,4.4592008634936065e-08
2022-10-26,SPY,sell,-1.210802058357337e-10,368.3041659,-4.459434421733021e-08,4.459434421733021e-12
2022-12-09,SPY,sell,-126.52037084557203,381.1598802,-48224.489394357806,4.82244893943578
2022-12-12,SPY,buy,0.012650772007349027,380.43303949999995,4.812771646777306,0.0004812771646777306
2022-12-13,SPY,buy,1.2649507056633803e-06,395.9845945,0.0005009009922446025,5.009009922446025e-08
2022-12-14,SPY,buy,1.2648242232416803e-10,387.6747636,4.90340431740772e-08,4.90340431740772e-12
2022-12-15,SPY,buy,1.2646977534656015e-14,380.6200582,4.813693325294865e-12,4.813693325294865e-16
2023-01-11,SPY,buy,126.76175901418668,380.358032,48214.8531914943,4.8214853191494305
2023-01-12,SPY,sell,-0.012536769526513,384.5875374,-4.821485319152998,0.00048214853191529984
2023-01-13,SPY,sell,-1.2633931955975363e-06,381.6298332,-0.00048214853450190276,4.821485345019028e-08
2023-01-17,SPY,sell,-1.2478633035937842e-10,386.3443617,-4.8210495151579387e-08,4.8210495151579386e-12
2023-01-18,SPY,sell,-1.8807907268669012e-14,386.8563105,-7.275957614183426e-12,7.275957614183426e-16
2023-02-23,SPY,sell,-126.76189717085924,389.3280633,-49351.96392576438,4.9351963925764375
2023-02-24,SPY,buy,0.012674922224861246,383.45234139999997,4.8602286041859415,0.00048602286041859414
2023-02-27,SPY,buy,1.267365485935641e-06,387.7667728,0.0004914422244393673,4.914422244393673e-08
2023-02-28,SPY,buy,1.2672387620576835e-10,385.20851700000003,4.8815116421715617e-08,4.8815116421715615e-12
2023-03-01,SPY,buy,1.2671120508532078e-14,383.4423404,4.858644103281978e-12,4.858644103281978e-16
2023-03-27,SPY,buy,127.3199222717186,387.5447506,49342.16752320457,4.934216752320457
2023-03-28,SPY,sell,-0.012810175597566234,385.1794782,-4.9342167523209355,0.0004934216752320935
2023-03-29,SPY,sell,-1.2677092158420556e-06,389.2230738,-0.0004934216776746325,4.934216776746325e-08
2023-03-30,SPY,sell,-1.2545434943421578e-10,393.2766684,-4.933826858177781e-08,4.933826858177781e-12
2023-03-31,SPY,sell,-1.847474632040789e-14,393.8326128,-7.275957614183426e-12,7.275957614183426e-16
2023-04-27,SPY,sell,-127.3198428125676,396.1093851,-50432.58464751481,5.043258464751481
2023-04-28,SPY,buy,0.012730711210138643,400.5590519,5.0994016123458366,0.0005099401612345837
2023-05-01,SPY,buy,1.2729438266304814e-06,404.4334393,0.0005148210498398685,5.148210498398685e-08
2023-05-02,SPY,buy,1.2728165449769124e-10,403.75137110000003,5.1390142519319326e-08,5.139014251931933e-12
2023-05-03,SPY,buy,125.92009636219343,400.4320392,50422.44096257362,5.042244096257362
2023-05-04,SPY,sell,-0.012731576721725806,396.0423918,-5.042244096257491,0.0005042244096257491
2023-05-05,SPY,sell,-1.266993550003434e-06,397.9691991,-0.0005042244083597325,5.0422440835973246e-08
2023-05-08,SPY,sell,-125.91995551402957,401.9188041,-50609.59793252396,5.060959793252396
2023-05-09,SPY,buy,0.01259073647776999,400.2090169,5.038926267815296,0.0005038926267815296
2023-05-10,SPY,buy,1.2589477530017951e-06,402.8852845,0.000507211523638764,5.07211523638764e-08
2023-05-11,SPY,buy,1.258821870814771e-10,401.0060966,5.0479524473014075e-08,5.0479524473014076e-12
2023-05-12,SPY,buy,125.73201621139211,402.4392399,50599.49703520712,5.0599497035207115
2023-05-15,SPY,sell,-0.012612387811192016,401.1888771,-5.059949703521852,0.0005059949703521852
2023-05-16,SPY,sell,-1.2623399418446787e-06,400.8389121,-0.0005059949689893983,5.0599496898939836e-08
2023-05-17,SPY,sell,-1.2609590025129772e-10,401.3158644,-5.060428520664573e-08,5.060428520664573e-12
2023-08-08,SPY,sell,-125.73197575869074,437.7112245,-55034.29706814084,5.503429706814084
2023-08-09,SPY,buy,0.01257194038182299,438.72586820000004,5.515635458973931,0.0005515635458973932
2023-08-10,SPY,buy,1.257068331349256e-06,437.903786,0.0005504749815585417,5.504749815585417e-08
2023-08-11,SPY,buy,1.2569426370854202e-10,433.78037370000004,5.452370468343771e-08,5.452370468343771e-12
2023-08-14,SPY,buy,1.2568169553923087e-14,434.4954452,5.4608124256808975e-12,5.460812425680897e-16
2023-08-31,SPY,buy,124.68843655706985,441.2861242,55023.276900826946,5.502327690082694
2023-09-01,SPY,sell,-0.01242950616944682,442.68272729999995,-5.502327690082893,0.0005502327690082893
2023-09-05,SPY,sell,-1.2496799046097799e-06,440.2989657,-0.0005502327694557607,5.502327694557607e-08
2023-09-06,SPY,sell,-1.2561130716661763e-10,438.0241932,-5.5020791478455067e-08,5.5020791478455065e-12
2023-09-07,SPY,sell,-1.6809237470978604e-14,432.85471020000006,-7.275957614183425e-12,7.275957614183425e-16
2023-09-21,SPY,sell,-124.68847464855973,427.1182839,-53256.72731400149,5.325672731400148
2023-09-22,SPY,buy,0.012467600704788844,424.0173975,5.286479603913731,0.0005286479603913731
2023-09-25,SPY,buy,1.2466354069379704e-06,420.802076,0.0005245867672546027,5.245867672546027e-08
2023-09-26,SPY,buy,1.2465107558618693e-10,420.722068,5.244345829904487e-08,5.244345829904487e-12
2023-09-27,SPY,buy,1.246386117249101e-14,418.76187200000004,5.219389836940451e-12,5.219389836940451e-16
2023-10-13,SPY,buy,124.77920228115592,426.722668,53246.11410832654,5.324611410832654
2023-10-16,SPY,sell,-0.012520382220422921,425.2754682,-5.324611410833313,0.0005324611410833313
2023-10-17,SPY,sell,-1.2549593535165415e-06,424.2855672,-0.0005324611411197111,5.324611411197111e-08
2023-10-18,SPY,sell,-1.2509551259953863e-10,425.6384319,-5.324545782059432e-08,5.324545782059432e-12
2023-10-19,SPY,sell,-1.7222760690340676e-14,422.4617496,-7.275957614183426e-12,7.275957614183426e-16
2023-10-24,SPY,sell,-124.77915855970699,414.3255633,-51699.195158350616,5.169919515835062
2023-10-25,SPY,buy,0.012476668189148667,413.6633622,5.161140512177023,0.0005161140512177023
2023-10-26,SPY,buy,1.2475420647072105e-06,408.3278287,0.0005094061424938102,5.0940614249381014e-08
2023-10-27,SPY,buy,1.2474173229763266e-10,406.11360729999996,5.065931488424251e-08,5.065931488424251e-12
2023-10-30,SPY,buy,1.247292593714873e-14,405.4965456,5.057728381038453e-12,5.057728381038452e-16
2023-11-07,SPY,buy,120.9963097434642,427.1937151,51688.8630727008,5.16888630727008
2023-11-08,SPY,sell,-0.012050621360723962,428.9311026,-5.168886307270441,0.0005168886307270441
2023-11-09,SPY,sell,-1.2026398814179706e-06,429.7950162,-0.0005168886273168027,5.168886273168027e-08
2023-11-10,SPY,sell,-1.2095604930262287e-10,427.39225650000003,-5.169567884877324e-08,5.169567884877324e-12
2024-01-09,SPY,sell,-120.99635755509813,464.45055030000003,-56196.824850760895,5.61968248507609
2024-01-10,SPY,buy,0.012098425912913033,466.7986752,5.647529188153154,0.0005647529188153154
2024-01-11,SPY,buy,119.49924080341249,470.1750128,56185.55707433475,5.618555707433475
2024-01-12,SPY,sell,-0.011946088783150663,470.3259627,-5.618555707435007,0.0005618555707435007
2024-01-16,SPY,sell,-1.201092191888587e-06,467.7872166,-0.0005618555733235553,5.618555733235553e-08
2024-01-17,SPY,sell,-1.2098354122119102e-10,464.40155519999996,-5.618494469672441e-08,5.618494469672441e-12
2024-01-18,SPY,sell,-1.559499121891732e-14,466.5573396,-7.275957614183426e-12,7.275957614183426e-16
2024-04-10,SPY,sell,-119.49924222779634,506.9772972,-60583.4028420963,6.05834028420963
2024-04-11,SPY,buy,0.011948729349841092,509.2519201,6.0849133641618005,0.00060849133641618
2024-04-12,SPY,buy,1.1947534596382508e-06,507.95879080000003,0.0006068855226619625,6.068855226619625e-08
2024-04-15,SPY,buy,1.1946339962390023e-10,508.7068656,6.07718515765945e-08,6.0771851576594504e-12
2024-04-16,SPY,buy,1.1945145447853628e-14,498.6448595,5.956385373552037e-12,5.956385373552037e-16
2024-05-07,SPY,buy,118.50968062811843,511.1081057,60571.2583729496,6.05712583729496
2024-05-08,SPY,sell,-0.011906246654695253,508.7351214,-6.057125837294734,0.0006057125837294734
2024-05-09,SPY,sell,-1.1857468478143861e-06,510.82791210000005,-0.0006057125865481794,6.057125865481793e-08
2024-05-10,SPY,sell,-1.1755609049009354e-10,515.2014747000001,-6.056507118046284e-08,6.056507118046284e-12
2024-05-13,SPY,sell,-1.4102239910680716e-14,515.9434005,-7.275957614183426e-12,7.275957614183426e-16
2024-07-25,SPY,sell,-118.50962415801513,536.2183728,-63547.037827150445,6.3547037827150445
2024-07-26,SPY,buy,0.011849777438062715,537.2467193,6.3662540530343525,0.0006366254053034353
2024-07-29,SPY,buy,1.18485925787983e-06,540.9520898000001,0.0006409520916689712,6.409520916689712e-08
2024-07-30,SPY,buy,1.1847407838015535e-10,541.1911137,6.411711842313736e-08,6.411711842313736e-12
2024-07-31,SPY,buy,1.1846223215688414e-14,543.8863832,6.442999499360645e-12,6.442999499360644e-16
2024-08-16,SPY,buy,116.29896877297166,546.3016246999999,63534.315591608975,6.353431559160898
2024-08-19,SPY,sell,-0.011562814072231547,549.4710474,-6.353431559160527,0.0006353431559160528
2024-08-20,SPY,sell,-1.147138130566864e-06,553.8506093999999,-0.0006353431526804343,6.353431526804343e-08
2024-08-21,SPY,sell,-1.1459894534528348e-10,554.4635481,-6.354093784466386e-08,6.3540937844663856e-12
2024-09-09,SPY,sell,-116.2990347151182,539.4870459000001,-62741.822679480676,6.274182267948068
2024-09-10,SPY,buy,0.011628740597441537,543.2713216999999,6.3175612740785105,0.000631756127407851
2024-09-11,SPY,buy,1.162757783963587e-06,543.6073553,0.0006320836837949343,6.320836837949342e-08
2024-09-12,SPY,buy,1.1626415198125742e-10,549.8589804,6.392888806548484e-08,6.392888806548484e-12
2024-09-13,SPY,buy,1.1625252672848824e-14,554.5164461,6.446393797162657e-12,6.446393797162656e-16
2024-09-17,SPY,buy,112.04549735929159,559.8549799,62729.22967197169,6.272922967197169
2024-09-18,SPY,sell,-0.01123380181005208,558.3971547,-6.272922967196791,0.0006272922967196791
2024-09-19,SPY,sell,-1.1090791080903936e-06,565.5974346,-0.0006272922983043827,6.272922983043828e-08
2024-09-20,SPY,sell,-1.1118037537684835e-10,564.1825761,-6.272603059187531e-08,6.272603059187531e-12
2024-09-23,SPY,sell,-1.286247022910522e-14,565.6734270000001,-7.275957614183426e-12,7.275957614183426e-16
2024-11-01,SPY,sell,-112.04546699499073,567.6402303,-63601.514689107586,6.360151468910758
2024-11-04,SPY,buy,0.011203426356867085,567.6137557,6.359218911129695,0.0006359218911129695
2024-11-05,SPY,buy,1.1202306126244744e-06,567.176712,0.000635368715550095,6.35368715550095e-08
2024-11-06,SPY,buy,1.1201186007617836e-10,585.5215463,6.558535751574318e-08,6.558535751574318e-12
2024-11-07,SPY,buy,1.1200066001023167e-14,589.3779318999999,6.6010717368265365e-12,6.601071736826537e-16
2024-11-08,SPY,buy,107.33223575003491,592.4482389,63588.794047307805,6.35887940473078
2024-11-11,SPY,sell,-0.0106702203606465,595.9463994,-6.3588794047318515,0.0006358879404731851
2024-11-12,SPY,sell,-1.0690363233783993e-06,594.8235117,-0.0006358879400067963,6.358879400067963e-08
2024-11-13,SPY,sell,-1.0714312322627747e-10,593.5226418,-6.359186954796314e-08,6.359186954796314e-12
2024-11-14,SPY,sell,-1.2259971295080463e-14,593.4726468,-7.275957614183426e-12,7.275957614183426e-16
2024-12-19,SPY,sell,-107.3322976902998,587.551239,-63063.22449265249,6.306322449265249
2024-12-20,SPY,buy,0.010732156553375234,580.0840026,6.225552330011726,0.0006225552330011726
2024-12-23,SPY,buy,1.0731083445036275e-06,589.1769118000001,0.0006322506604414578,6.322506604414578e-08
2024-12-24,SPY,buy,1.0730010443988355e-10,594.3324273000001,6.37719315212995e-08,6.3771931521299505e-12
2024-12-26,SPY,buy,1.0728937550230517e-14,597.7617702,6.413348702391045e-12,6.4133487023910455e-16
2025-01-22,SPY,buy,104.36032750085315,604.1634102999999,63050.6913629403,6.30506913629403
2025-01-23,SPY,sell,-0.010440176736909728,603.9236016000001,-6.30506913629506,0.000630506913629506
2025-01-24,SPY,sell,-1.037152363001823e-06,607.9212018,-0.0006305069109657779,6.305069109657779e-08
2025-01-27,SPY,sell,-1.0633538550517862e-10,592.9676973,-6.305344868451357e-08,6.305344868451357e-12
2025-01-28,SPY,sell,-1.2151727454726214e-14,598.7591181,-7.275957614183426e-12,7.275957614183426e-16
2025-02-26,SPY,sell,-104.36032231908942,594.0835857000001,-61998.75448813239,6.1998754488132395
2025-02-27,SPY,buy,0.010434988733020631,595.1195059999999,6.210065339910803,0.0006210065339910803
2025-02-28,SPY,buy,1.043394533847842e-06,583.8623804,0.0006091988162287494,6.091988162287494e-08
2025-03-03,SPY,buy,1.0432902048268411e-10,594.4514392000001,6.201853637625786e-08,6.201853637625787e-12
2025-03-04,SPY,buy,1.0431858862390314e-14,578.0297972,6.029925262646496e-12,6.029925262646495e-16
2025-03-27,SPY,buy,109.27773423337408,567.236718,61986.34331701536,6.198634331701536
2025-03-28,SPY,sell,-0.010961848632485732,565.473447,-6.198634331703943,0.0006198634331703943
2025-03-31,SPY,sell,-1.127485639168171e-06,549.775017,-0.0006198634364409372,6.198634364409372e-08
2025-04-01,SPY,sell,-1.1120294541828135e-10,557.394255,-6.19838829152286e-08,6.1983882915228605e-12
2025-04-02,SPY,sell,-109.27769902704745,554.9944949999999,-60648.52138627818,6.064852138627818
2025-04-03,SPY,buy,0.010926677234983997,545.1645110000001,5.956836651664883,0.0005956836651664883
2025-04-04,SPY,buy,1.0925584676524036e-06,523.722367,0.0005721973067648097,5.721973067648097e-08
2025-04-07,SPY,buy,1.0924492227307383e-10,489.238919,5.344686767911766e-08,5.344686767911766e-12
2025-04-08,SPY,buy,1.0923399887314021e-14,521.912186,5.7010555137402145e-12,5.701055513740215e-16
2025-04-28,SPY,buy,109.95925839414507,551.4451389999999,60636.49852949623,6.063649852949623
2025-04-29,SPY,sell,-0.011047815267657525,548.855109,-6.063649852942035,0.0006063649852942035
2025-04-30,SPY,sell,-1.1074851212638386e-06,547.515243,-0.0006063649852876551,6.063649852876551e-08
2025-05-01,SPY,sell,-1.0822116663297335e-10,560.3139630000001,-6.063783075660467e-08,6.063783075660467e-12
2025-05-02,SPY,sell,-1.2885246547397335e-14,564.673527,-7.275957614183426e-12,7.275957614183426e-16
2025-08-07,SPY,sell,-109.95920539182325,636.176376,-69953.44879400978,6.995344879400977
2025-08-08,SPY,buy,0.010994821057081702,634.1234059999999,6.972073377077169,0.0006972073377077169
2025-08-11,SPY,buy,109.70490294262068,637.5237460000001,69939.48067854597,6.993948067854596
2025-08-12,SPY,sell,-0.01095841628822611,638.226171,-6.993948067858582,0.0006993948067858583
2025-08-13,SPY,sell,-1.0845928129770893e-06,644.845509,-0.0006993948045419529,6.993948045419529e-08
2025-08-14,SPY,sell,-1.0881236319392776e-10,642.725721,-6.993650458753109e-08,6.993650458753109e-12
2025-08-15,SPY,sell,-2.2528786150595822e-14,645.925401,-1.4551915228366852e-11,1.4551915228366853e-15
2025-10-15,SPY,sell,-109.70491283343203,666.753318,-73146.11463259159,7.314611463259159
2025-10-16,SPY,buy,0.010969394343910649,666.8866820000001,7.31534299756014,0.000731534299756014
2025-10-17,SPY,buy,1.0968297514170244e-06,659.56595,0.0007234315569816336,7.234315569816337e-08
2025-10-20,SPY,buy,1.0967200794099304e-10,667.386732,7.31936429716174e-08,7.31936429716174e-12
2025-10-21,SPY,buy,1.0966104183672904e-14,671.507144,7.363817301184643e-12,7.363817301184643e-16
2025-10-22,SPY,buy,108.81573036598033,672.0672,73131.48322301937,7.313148322301937
2025-10-23,SPY,sell,-0.010946955203059237,668.053188,-7.313148322296911,0.0007313148322296911
2025-10-24,SPY,sell,-1.0811991497600546e-06,676.3923540000001,-0.000731314838049002,7.31314838049002e-08
2025-10-27,SPY,sell,-1.0711509248348916e-10,682.661727,-7.312337402254343e-08,7.312337402254342e-12
2025-10-28,SPY,sell,-2.1182403850408843e-14,686.9812949999999,-1.4551915228366852e-11,1.4551915228366853e-15
2025-11-18,SPY,sell,-108.81566389586058,662.0287905,-72039.1023564311,7.20391023564311
2025-11-19,SPY,buy,0.0108804783417512,660.8460779999999,7.190321438910223,0.0007190321438910222
2025-11-20,SPY,buy,1.0879390402698782e-06,672.9772909999999,0.0007321582680939624,7.321582680939625e-08
2025-11-21,SPY,buy,1.0878302572450341e-10,655.115505,7.126544683293604e-08,7.126544683293604e-12
2025-11-24,SPY,buy,1.0877214850970551e-14,662.7562690000001,7.2089423317406345e-12,7.208942331740635e-16
2025-12-01,SPY,buy,106.09375955411583,678.8778809999999,72024.70667342165,7.202470667342165
2025-12-02,SPY,sell,-0.010563102690108427,681.851808,-7.202470667340094,0.0007202470667340094
2025-12-03,SPY,sell,-1.0584056088901538e-06,680.5019430000001,-0.0007202470733318479,7.202470733318478e-08
2025-12-04,SPY,sell,-1.0509941766858367e-10,685.23147,-7.201742846518755e-08,7.201742846518755e-12
2025-12-05,SPY,sell,-2.123122903325221e-14,685.4014530000001,-1.4551915228366852e-11,1.4551915228366853e-15
2025-12-19,SPY,sell,-106.09380477339232,676.522341,-71774.82917089235,7.177482917089235
2025-12-22,SPY,buy,0.010608319645369192,684.0083940000001,7.256179683667631,0.0007256179683667631
2025-12-23,SPY,buy,1.0607258919486418e-06,683.988392,0.0007255241971867172,7.255241971867172e-08
2025-12-24,SPY,buy,1.0606198299655869e-10,688.0187950000001,7.297263773660281e-08,7.29726377366028e-12
2025-12-26,SPY,buy,103.89380680981463,690.709064,71760.3940570039,7.17603940570039
2025-12-29,SPY,sell,-0.0104383120711721,687.471246,-7.176039405705524,0.0007176039405705524
2025-12-30,SPY,sell,-1.0439754508065682e-06,687.3762555000001,-0.0007176039362093434,7.176039362093434e-08
2025-12-31,SPY,sell,-1.0445793234081582e-10,687.071286,-7.177004590630531e-08,7.177004590630532e-12
